***********************************************************
ElemType = 
8,5,12,1,12;


***********************************************************
Material = 
1,9.08E+10,9.08E+10,0.24,0.00,3.49E+10,4.13E+10,4.13E+10,-6.85E-11,-6.85E-11,0.00,2.00E-04,-8.08E+00,-8.08E+00,1.264000E-08,0.00E+00,-5.75E-07,1.29E-05,1.29E-05,0.00E+00,0.00E+00,2.60E+00,4.67E+03,-1.20E-03,-1.000000e-03;
2,2,9.40E+10,9.40E+10,0.25,0.00,3.59E+10,4.13E+10,4.13E+10,-6.19E-11,-6.19E-11,0.00,2.00E-04,3.46E+00,3.46E+00,1.142000E-08,0.00E+00,1.17E-05,1.24E-05,1.24E-05,0.00E+00,0.00E+00,2.54E+00,4.63E+03,-1.00E-03,-8.000000e-04;
2,3,9.72E+10,9.72E+10,0.25,0.00,3.69E+10,4.14E+10,4.14E+10,-5.52E-11,-5.52E-11,0.00,2.00E-04,1.50E+01,1.50E+01,1.020000E-08,0.00E+00,2.39E-05,1.19E-05,1.19E-05,0.00E+00,0.00E+00,2.48E+00,4.59E+03,-8.00E-04,-6.000000e-04;
2,4,1.00E+11,1.00E+11,0.26,0.00,3.79E+10,4.14E+10,4.14E+10,-4.86E-11,-4.86E-11,0.00,2.00E-04,2.65E+01,2.65E+01,8.982000E-09,0.00E+00,3.62E-05,1.15E-05,1.15E-05,0.00E+00,0.00E+00,2.43E+00,4.54E+03,-6.00E-04,-4.000000e-04;
2,5,1.04E+11,1.04E+11,0.26,0.00,3.89E+10,4.15E+10,4.15E+10,-4.19E-11,-4.19E-11,0.00,2.00E-04,3.81E+01,3.81E+01,7.762000E-09,0.00E+00,4.84E-05,1.10E-05,1.10E-05,0.00E+00,0.00E+00,2.37E+00,4.50E+03,-4.00E-04,-2.000000e-04;
2,6,1.07E+11,1.07E+11,0.27,0.00,3.99E+10,4.15E+10,4.15E+10,-3.53E-11,-3.53E-11,0.00,2.00E-04,4.96E+01,4.96E+01,6.542000E-09,0.00E+00,6.07E-05,1.05E-05,1.05E-05,0.00E+00,0.00E+00,2.31E+00,4.46E+03,-2.00E-04,0;
2,7,1.10E+11,1.10E+11,0.27,0.00,4.09E+10,4.16E+10,4.16E+10,-2.86E-11,-2.86E-11,0.00,2.00E-04,6.11E+01,6.11E+01,5.321000E-09,0.00E+00,7.29E-05,1.00E-05,1.00E-05,0.00E+00,0.00E+00,2.25E+00,4.42E+03,0.00E+00,2.000000e-04;
2,8,1.13E+11,1.13E+11,0.28,0.00,4.19E+10,4.16E+10,4.16E+10,-2.20E-11,-2.20E-11,0.00,2.00E-04,7.27E+01,7.27E+01,4.101000E-09,0.00E+00,8.52E-05,9.57E-06,9.57E-06,0.00E+00,0.00E+00,2.19E+00,4.38E+03,2.00E-04,4.000000e-04;
2,9,1.16E+11,1.16E+11,0.28,0.00,4.29E+10,4.17E+10,4.17E+10,-1.53E-11,-1.53E-11,0.00,2.00E-04,8.42E+01,8.42E+01,2.881000E-09,0.00E+00,9.74E-05,9.09E-06,9.09E-06,0.00E+00,0.00E+00,2.13E+00,4.34E+03,4.00E-04,6.000000e-04;
2,10,1.20E+11,1.20E+11,0.29,0.00,4.39E+10,4.17E+10,4.17E+10,-8.65E-12,-8.65E-12,0.00,2.00E-04,9.58E+01,9.58E+01,1.661000E-09,0.00E+00,1.10E-04,8.62E-06,8.62E-06,0.00E+00,0.00E+00,2.08E+00,4.29E+03,6.00E-04,8.000000e-04;
2,11,1.23E+11,1.23E+11,0.29,0.00,4.49E+10,4.18E+10,4.18E+10,-2.00E-12,-2.00E-12,0.00,2.00E-04,1.07E+02,1.07E+02,4.405000E-10,0.00E+00,1.22E-04,8.14E-06,8.14E-06,0.00E+00,0.00E+00,2.02E+00,4.25E+03,8.00E-04,1.000000e-03;
2,12,1.26E+11,1.26E+11,0.30,0.00,4.59E+10,4.18E+10,4.18E+10,4.66E-12,4.66E-12,0.00,2.00E-04,1.19E+02,1.19E+02,-7.797000E-10,0.00E+00,1.34E-04,7.67E-06,7.67E-06,0.00E+00,0.00E+00,1.96E+00,4.21E+03,1.00E-03,1.200000e-03;
2,

***********************************************************
Element = 
1,33,35,3,22,34,23,2,1,1,1,1,1,1,1,1,1,1;
1,1,0,0,0,0,0,0,0,0,3,35,37,5,23,36,24,4,1,1,1,1,1,1,1,1,1,1;
1,1,0,0,0,0,0,0,0,0,5,37,39,7,24,38,25,6,1,1,1,1,1,1,1,1,1,1;
1,1,0,0,0,0,0,0,0,0,7,39,41,9,25,40,26,8,1,1,1,1,1,1,1,1,1,1;
1,1,0,0,0,0,0,0,0,0,9,41,43,11,26,42,27,10,1,1,1,1,1,1,1,1,1,1;
1,1,0,0,0,0,0,0,0,0,11,43,45,13,27,44,28,12,1,1,1,1,1,1,1,1,1,1;
1,1,0,0,0,0,0,0,0,0,13,45,47,15,28,46,29,14,1,1,1,1,1,1,1,1,1,1;
1,1,0,0,0,0,0,0,0,0,15,47,49,17,29,48,30,16,1,1,1,1,1,1,1,1,1,1;
1,1,0,0,0,0,0,0,0,0,17,49,51,19,30,50,31,18,1,1,1,1,1,1,1,1,1,1;
1,1,0,0,0,0,0,0,0,0,19,51,53,21,31,52,32,20,1,1,1,1,1,1,1,1,1,1;
1,1,0,0,0,0,0,0,0,0,33,65,67,35,54,66,55,34,1,1,1,1,1,1,1,1,1,1;
1,1,0,0,0,0,0,0,0,0,35,67,69,37,55,68,56,36,1,1,1,1,1,1,1,1,1,1;
1,1,0,0,0,0,0,0,0,0,37,69,71,39,56,70,57,38,1,1,1,1,1,1,1,1,1,1;
1,1,0,0,0,0,0,0,0,0,39,71,73,41,57,72,58,40,1,1,1,1,1,1,1,1,1,1;
1,1,0,0,0,0,0,0,0,0,41,73,75,43,58,74,59,42,1,1,1,1,1,1,1,1,1,1;
1,1,0,0,0,0,0,0,0,0,43,75,77,45,59,76,60,44,1,1,1,1,1,1,1,1,1,1;
1,1,0,0,0,0,0,0,0,0,45,77,79,47,60,78,61,46,1,1,1,1,1,1,1,1,1,1;
1,1,0,0,0,0,0,0,0,0,47,79,81,49,61,80,62,48,1,1,1,1,1,1,1,1,1,1;
1,1,0,0,0,0,0,0,0,0,49,81,83,51,62,82,63,50,1,1,1,1,1,1,1,1,1,1;
1,1,0,0,0,0,0,0,0,0,51,83,85,53,63,84,64,52,1,1,1,1,1,1,1,1,1,1;
1,1,0,0,0,0,0,0,0,0,65,97,99,67,86,98,87,66,1,1,1,1,1,1,1,1,1,1;
1,1,0,0,0,0,0,0,0,0,67,99,101,69,87,100,88,68,1,1,1,1,1,1,1,1,1,1;
1,1,0,0,0,0,0,0,0,0,69,101,103,71,88,102,89,70,1,1,1,1,1,1,1,1,1,1;
1,1,0,0,0,0,0,0,0,0,71,103,105,73,89,104,90,72,1,1,1,1,1,1,1,1,1,1;
1,1,0,0,0,0,0,0,0,0,73,105,107,75,90,106,91,74,1,1,1,1,1,1,1,1,1,1;
1,1,0,0,0,0,0,0,0,0,75,107,109,77,91,108,92,76,1,1,1,1,1,1,1,1,1,1;
1,1,0,0,0,0,0,0,0,0,77,109,111,79,92,110,93,78,1,1,1,1,1,1,1,1,1,1;
1,1,0,0,0,0,0,0,0,0,79,111,113,81,93,112,94,80,1,1,1,1,1,1,1,1,1,1;
1,1,0,0,0,0,0,0,0,0,81,113,115,83,94,114,95,82,1,1,1,1,1,1,1,1,1,1;
1,1,0,0,0,0,0,0,0,0,83,115,117,85,95,116,96,84,1,1,1,1,1,1,1,1,1,1;
1,1,0,0,0,0,0,0,0,0,97,129,131,99,118,130,119,98,1,1,1,1,1,1,1,1,1,1;
1,1,0,0,0,0,0,0,0,0,99,131,133,101,119,132,120,100,1,1,1,1,1,1,1,1,1,1;
1,1,0,0,0,0,0,0,0,0,101,133,135,103,120,134,121,102,1,1,1,1,1,1,1,1,1,1;
1,1,0,0,0,0,0,0,0,0,103,135,137,105,121,136,122,104,1,1,1,1,1,1,1,1,1,1;
1,1,0,0,0,0,0,0,0,0,105,137,139,107,122,138,123,106,1,1,1,1,1,1,1,1,1,1;
1,1,0,0,0,0,0,0,0,0,107,139,141,109,123,140,124,108,1,1,1,1,1,1,1,1,1,1;
1,1,0,0,0,0,0,0,0,0,109,141,143,111,124,142,125,110,1,1,1,1,1,1,1,1,1,1;
1,1,0,0,0,0,0,0,0,0,111,143,145,113,125,144,126,112,1,1,1,1,1,1,1,1,1,1;
1,1,0,0,0,0,0,0,0,0,113,145,147,115,126,146,127,114,1,1,1,1,1,1,1,1,1,1;
1,1,0,0,0,0,0,0,0,0,115,147,149,117,127,148,128,116,1,1,1,1,1,1,1,1,1,1;
1,1,0,0,0,0,0,0,0,0,129,161,163,131,150,162,151,130,1,1,1,1,1,1,1,1,1,1;
1,1,0,0,0,0,0,0,0,0,131,163,165,133,151,164,152,132,1,1,1,1,1,1,1,1,1,1;
1,1,0,0,0,0,0,0,0,0,133,165,167,135,152,166,153,134,1,1,1,1,1,1,1,1,1,1;
1,1,0,0,0,0,0,0,0,0,135,167,169,137,153,168,154,136,1,1,1,1,1,1,1,1,1,1;
1,1,0,0,0,0,0,0,0,0,137,169,171,139,154,170,155,138,1,1,1,1,1,1,1,1,1,1;
1,1,0,0,0,0,0,0,0,0,139,171,173,141,155,172,156,140,1,1,1,1,1,1,1,1,1,1;
1,1,0,0,0,0,0,0,0,0,141,173,175,143,156,174,157,142,1,1,1,1,1,1,1,1,1,1;
1,1,0,0,0,0,0,0,0,0,143,175,177,145,157,176,158,144,1,1,1,1,1,1,1,1,1,1;
1,1,0,0,0,0,0,0,0,0,145,177,179,147,158,178,159,146,1,1,1,1,1,1,1,1,1,1;
1,1,0,0,0,0,0,0,0,0,147,179,181,149,159,180,160,148,1,1,1,1,1,1,1,1,1,1;
1,1,0,0,0,0,0,0,0,0,161,193,195,163,182,194,183,162,1,1,1,1,1,1,1,1,1,1;
1,1,0,0,0,0,0,0,0,0,163,195,197,165,183,196,184,164,1,1,1,1,1,1,1,1,1,1;
1,1,0,0,0,0,0,0,0,0,165,197,199,167,184,198,185,166,1,1,1,1,1,1,1,1,1,1;
1,1,0,0,0,0,0,0,0,0,167,199,201,169,185,200,186,168,1,1,1,1,1,1,1,1,1,1;
1,1,0,0,0,0,0,0,0,0,169,201,203,171,186,202,187,170,1,1,1,1,1,1,1,1,1,1;
1,1,0,0,0,0,0,0,0,0,171,203,205,173,187,204,188,172,1,1,1,1,1,1,1,1,1,1;
1,1,0,0,0,0,0,0,0,0,173,205,207,175,188,206,189,174,1,1,1,1,1,1,1,1,1,1;
1,1,0,0,0,0,0,0,0,0,175,207,209,177,189,208,190,176,1,1,1,1,1,1,1,1,1,1;
1,1,0,0,0,0,0,0,0,0,177,209,211,179,190,210,191,178,1,1,1,1,1,1,1,1,1,1;
1,1,0,0,0,0,0,0,0,0,179,211,213,181,191,212,192,180,1,1,1,1,1,1,1,1,1,1;
1,1,0,0,0,0,0,0,0,0,193,225,227,195,214,226,215,194,1,1,1,1,1,1,1,1,1,1;
1,1,0,0,0,0,0,0,0,0,195,227,229,197,215,228,216,196,1,1,1,1,1,1,1,1,1,1;
1,1,0,0,0,0,0,0,0,0,197,229,231,199,216,230,217,198,1,1,1,1,1,1,1,1,1,1;
1,1,0,0,0,0,0,0,0,0,199,231,233,201,217,232,218,200,1,1,1,1,1,1,1,1,1,1;
1,1,0,0,0,0,0,0,0,0,201,233,235,203,218,234,219,202,1,1,1,1,1,1,1,1,1,1;
1,1,0,0,0,0,0,0,0,0,203,235,237,205,219,236,220,204,1,1,1,1,1,1,1,1,1,1;
1,1,0,0,0,0,0,0,0,0,205,237,239,207,220,238,221,206,1,1,1,1,1,1,1,1,1,1;
1,1,0,0,0,0,0,0,0,0,207,239,241,209,221,240,222,208,1,1,1,1,1,1,1,1,1,1;
1,1,0,0,0,0,0,0,0,0,209,241,243,211,222,242,223,210,1,1,1,1,1,1,1,1,1,1;
1,1,0,0,0,0,0,0,0,0,211,243,245,213,223,244,224,212,1,1,1,1,1,1,1,1,1,1;
1,1,0,0,0,0,0,0,0,0,225,257,259,227,246,258,247,226,1,1,1,1,1,1,1,1,1,1;
1,1,0,0,0,0,0,0,0,0,227,259,261,229,247,260,248,228,1,1,1,1,1,1,1,1,1,1;
1,1,0,0,0,0,0,0,0,0,229,261,263,231,248,262,249,230,1,1,1,1,1,1,1,1,1,1;
1,1,0,0,0,0,0,0,0,0,231,263,265,233,249,264,250,232,1,1,1,1,1,1,1,1,1,1;
1,1,0,0,0,0,0,0,0,0,233,265,267,235,250,266,251,234,1,1,1,1,1,1,1,1,1,1;
1,1,0,0,0,0,0,0,0,0,235,267,269,237,251,268,252,236,1,1,1,1,1,1,1,1,1,1;
1,1,0,0,0,0,0,0,0,0,237,269,271,239,252,270,253,238,1,1,1,1,1,1,1,1,1,1;
1,1,0,0,0,0,0,0,0,0,239,271,273,241,253,272,254,240,1,1,1,1,1,1,1,1,1,1;
1,1,0,0,0,0,0,0,0,0,241,273,275,243,254,274,255,242,1,1,1,1,1,1,1,1,1,1;
1,1,0,0,0,0,0,0,0,0,243,275,277,245,255,276,256,244,1,1,1,1,1,1,1,1,1,1;
1,1,0,0,0,0,0,0,0,0,257,289,291,259,278,290,279,258,1,1,1,1,1,1,1,1,1,1;
1,1,0,0,0,0,0,0,0,0,259,291,293,261,279,292,280,260,1,1,1,1,1,1,1,1,1,1;
1,1,0,0,0,0,0,0,0,0,261,293,295,263,280,294,281,262,1,1,1,1,1,1,1,1,1,1;
1,1,0,0,0,0,0,0,0,0,263,295,297,265,281,296,282,264,1,1,1,1,1,1,1,1,1,1;
1,1,0,0,0,0,0,0,0,0,265,297,299,267,282,298,283,266,1,1,1,1,1,1,1,1,1,1;
1,1,0,0,0,0,0,0,0,0,267,299,301,269,283,300,284,268,1,1,1,1,1,1,1,1,1,1;
1,1,0,0,0,0,0,0,0,0,269,301,303,271,284,302,285,270,1,1,1,1,1,1,1,1,1,1;
1,1,0,0,0,0,0,0,0,0,271,303,305,273,285,304,286,272,1,1,1,1,1,1,1,1,1,1;
1,1,0,0,0,0,0,0,0,0,273,305,307,275,286,306,287,274,1,1,1,1,1,1,1,1,1,1;
1,1,0,0,0,0,0,0,0,0,275,307,309,277,287,308,288,276,1,1,1,1,1,1,1,1,1,1;
1,1,0,0,0,0,0,0,0,0,289,321,323,291,310,322,311,290,1,1,1,1,1,1,1,1,1,1;
1,1,0,0,0,0,0,0,0,0,291,323,325,293,311,324,312,292,1,1,1,1,1,1,1,1,1,1;
1,1,0,0,0,0,0,0,0,0,293,325,327,295,312,326,313,294,1,1,1,1,1,1,1,1,1,1;
1,1,0,0,0,0,0,0,0,0,295,327,329,297,313,328,314,296,1,1,1,1,1,1,1,1,1,1;
1,1,0,0,0,0,0,0,0,0,297,329,331,299,314,330,315,298,1,1,1,1,1,1,1,1,1,1;
1,1,0,0,0,0,0,0,0,0,299,331,333,301,315,332,316,300,1,1,1,1,1,1,1,1,1,1;
1,1,0,0,0,0,0,0,0,0,301,333,335,303,316,334,317,302,1,1,1,1,1,1,1,1,1,1;
1,1,0,0,0,0,0,0,0,0,303,335,337,305,317,336,318,304,1,1,1,1,1,1,1,1,1,1;
1,1,0,0,0,0,0,0,0,0,305,337,339,307,318,338,319,306,1,1,1,1,1,1,1,1,1,1;
1,1,0,0,0,0,0,0,0,0,307,339,341,309,319,340,320,308,1,1,1,1,1,1,1,1,1,1;
1,1,0,0,0,0,0,0,0,0,

***********************************************************
Node = 
1,0.00000,0.00000,0.40000,1,1,1,1,1,0,0,0;
2,0.00000,0.02500,0.40000,0,1,1,0,1,0,0,0;
3,0.00000,0.05000,0.40000,0,1,1,0,1,0,0,0;
4,0.00000,0.07500,0.40000,0,1,1,0,1,0,0,0;
5,0.00000,0.10000,0.40000,0,1,1,0,1,0,0,0;
6,0.00000,0.12500,0.40000,0,1,1,0,1,0,0,0;
7,0.00000,0.15000,0.40000,0,1,1,0,1,0,0,0;
8,0.00000,0.17500,0.40000,0,1,1,0,1,0,0,0;
9,0.00000,0.20000,0.40000,0,1,1,0,1,0,0,0;
10,0.00000,0.22500,0.40000,0,1,1,0,1,0,0,0;
11,0.00000,0.25000,0.40000,0,1,1,0,1,0,0,0;
12,0.00000,0.27500,0.40000,0,1,1,0,1,0,0,0;
13,0.00000,0.30000,0.40000,0,1,1,0,1,0,0,0;
14,0.00000,0.32500,0.40000,0,1,1,0,1,0,0,0;
15,0.00000,0.35000,0.40000,0,1,1,0,1,0,0,0;
16,0.00000,0.37500,0.40000,0,1,1,0,1,0,0,0;
17,0.00000,0.40000,0.40000,0,1,1,0,1,0,0,0;
18,0.00000,0.42500,0.40000,0,1,1,0,1,0,0,0;
19,0.00000,0.45000,0.40000,0,1,1,0,1,0,0,0;
20,0.00000,0.47500,0.40000,0,1,1,0,1,0,0,0;
21,0.00000,0.50000,0.40000,1,1,1,1,1,0,0,0;
22,0.01000,0.00000,0.40000,1,0,1,1,0,0,0,0;
23,0.01000,0.05000,0.40000,0,0,0,0,0,0,0,0;
24,0.01000,0.10000,0.40000,0,0,0,0,0,0,0,0;
25,0.01000,0.15000,0.40000,0,0,0,0,0,0,0,0;
26,0.01000,0.20000,0.40000,0,0,0,0,0,0,0,0;
27,0.01000,0.25000,0.40000,0,0,0,0,0,0,0,0;
28,0.01000,0.30000,0.40000,0,0,0,0,0,0,0,0;
29,0.01000,0.35000,0.40000,0,0,0,0,0,0,0,0;
30,0.01000,0.40000,0.40000,0,0,0,0,0,0,0,0;
31,0.01000,0.45000,0.40000,0,0,0,0,0,0,0,0;
32,0.01000,0.50000,0.40000,1,0,1,1,0,0,0,0;
33,0.02000,0.00000,0.40000,1,0,1,1,0,0,0,0;
34,0.02000,0.02500,0.40000,0,0,0,0,0,0,0,0;
35,0.02000,0.05000,0.40000,0,0,0,0,0,0,0,0;
36,0.02000,0.07500,0.40000,0,0,0,0,0,0,0,0;
37,0.02000,0.10000,0.40000,0,0,0,0,0,0,0,0;
38,0.02000,0.12500,0.40000,0,0,0,0,0,0,0,0;
39,0.02000,0.15000,0.40000,0,0,0,0,0,0,0,0;
40,0.02000,0.17500,0.40000,0,0,0,0,0,0,0,0;
41,0.02000,0.20000,0.40000,0,0,0,0,0,0,0,0;
42,0.02000,0.22500,0.40000,0,0,0,0,0,0,0,0;
43,0.02000,0.25000,0.40000,0,0,0,0,0,0,0,0;
44,0.02000,0.27500,0.40000,0,0,0,0,0,0,0,0;
45,0.02000,0.30000,0.40000,0,0,0,0,0,0,0,0;
46,0.02000,0.32500,0.40000,0,0,0,0,0,0,0,0;
47,0.02000,0.35000,0.40000,0,0,0,0,0,0,0,0;
48,0.02000,0.37500,0.40000,0,0,0,0,0,0,0,0;
49,0.02000,0.40000,0.40000,0,0,0,0,0,0,0,0;
50,0.02000,0.42500,0.40000,0,0,0,0,0,0,0,0;
51,0.02000,0.45000,0.40000,0,0,0,0,0,0,0,0;
52,0.02000,0.47500,0.40000,0,0,0,0,0,0,0,0;
53,0.02000,0.50000,0.40000,1,0,1,1,0,0,0,0;
54,0.03000,0.00000,0.40000,1,0,1,1,0,0,0,0;
55,0.03000,0.05000,0.40000,0,0,0,0,0,0,0,0;
56,0.03000,0.10000,0.40000,0,0,0,0,0,0,0,0;
57,0.03000,0.15000,0.40000,0,0,0,0,0,0,0,0;
58,0.03000,0.20000,0.40000,0,0,0,0,0,0,0,0;
59,0.03000,0.25000,0.40000,0,0,0,0,0,0,0,0;
60,0.03000,0.30000,0.40000,0,0,0,0,0,0,0,0;
61,0.03000,0.35000,0.40000,0,0,0,0,0,0,0,0;
62,0.03000,0.40000,0.40000,0,0,0,0,0,0,0,0;
63,0.03000,0.45000,0.40000,0,0,0,0,0,0,0,0;
64,0.03000,0.50000,0.40000,1,0,1,1,0,0,0,0;
65,0.04000,0.00000,0.40000,1,0,1,1,0,0,0,0;
66,0.04000,0.02500,0.40000,0,0,0,0,0,0,0,0;
67,0.04000,0.05000,0.40000,0,0,0,0,0,0,0,0;
68,0.04000,0.07500,0.40000,0,0,0,0,0,0,0,0;
69,0.04000,0.10000,0.40000,0,0,0,0,0,0,0,0;
70,0.04000,0.12500,0.40000,0,0,0,0,0,0,0,0;
71,0.04000,0.15000,0.40000,0,0,0,0,0,0,0,0;
72,0.04000,0.17500,0.40000,0,0,0,0,0,0,0,0;
73,0.04000,0.20000,0.40000,0,0,0,0,0,0,0,0;
74,0.04000,0.22500,0.40000,0,0,0,0,0,0,0,0;
75,0.04000,0.25000,0.40000,0,0,0,0,0,0,0,0;
76,0.04000,0.27500,0.40000,0,0,0,0,0,0,0,0;
77,0.04000,0.30000,0.40000,0,0,0,0,0,0,0,0;
78,0.04000,0.32500,0.40000,0,0,0,0,0,0,0,0;
79,0.04000,0.35000,0.40000,0,0,0,0,0,0,0,0;
80,0.04000,0.37500,0.40000,0,0,0,0,0,0,0,0;
81,0.04000,0.40000,0.40000,0,0,0,0,0,0,0,0;
82,0.04000,0.42500,0.40000,0,0,0,0,0,0,0,0;
83,0.04000,0.45000,0.40000,0,0,0,0,0,0,0,0;
84,0.04000,0.47500,0.40000,0,0,0,0,0,0,0,0;
85,0.04000,0.50000,0.40000,1,0,1,1,0,0,0,0;
86,0.05000,0.00000,0.40000,1,0,1,1,0,0,0,0;
87,0.05000,0.05000,0.40000,0,0,0,0,0,0,0,0;
88,0.05000,0.10000,0.40000,0,0,0,0,0,0,0,0;
89,0.05000,0.15000,0.40000,0,0,0,0,0,0,0,0;
90,0.05000,0.20000,0.40000,0,0,0,0,0,0,0,0;
91,0.05000,0.25000,0.40000,0,0,0,0,0,0,0,0;
92,0.05000,0.30000,0.40000,0,0,0,0,0,0,0,0;
93,0.05000,0.35000,0.40000,0,0,0,0,0,0,0,0;
94,0.05000,0.40000,0.40000,0,0,0,0,0,0,0,0;
95,0.05000,0.45000,0.40000,0,0,0,0,0,0,0,0;
96,0.05000,0.50000,0.40000,1,0,1,1,0,0,0,0;
97,0.06000,0.00000,0.40000,1,0,1,1,0,0,0,0;
98,0.06000,0.02500,0.40000,0,0,0,0,0,0,0,0;
99,0.06000,0.05000,0.40000,0,0,0,0,0,0,0,0;
100,0.06000,0.07500,0.40000,0,0,0,0,0,0,0,0;
101,0.06000,0.10000,0.40000,0,0,0,0,0,0,0,0;
102,0.06000,0.12500,0.40000,0,0,0,0,0,0,0,0;
103,0.06000,0.15000,0.40000,0,0,0,0,0,0,0,0;
104,0.06000,0.17500,0.40000,0,0,0,0,0,0,0,0;
105,0.06000,0.20000,0.40000,0,0,0,0,0,0,0,0;
106,0.06000,0.22500,0.40000,0,0,0,0,0,0,0,0;
107,0.06000,0.25000,0.40000,0,0,0,0,0,0,0,0;
108,0.06000,0.27500,0.40000,0,0,0,0,0,0,0,0;
109,0.06000,0.30000,0.40000,0,0,0,0,0,0,0,0;
110,0.06000,0.32500,0.40000,0,0,0,0,0,0,0,0;
111,0.06000,0.35000,0.40000,0,0,0,0,0,0,0,0;
112,0.06000,0.37500,0.40000,0,0,0,0,0,0,0,0;
113,0.06000,0.40000,0.40000,0,0,0,0,0,0,0,0;
114,0.06000,0.42500,0.40000,0,0,0,0,0,0,0,0;
115,0.06000,0.45000,0.40000,0,0,0,0,0,0,0,0;
116,0.06000,0.47500,0.40000,0,0,0,0,0,0,0,0;
117,0.06000,0.50000,0.40000,1,0,1,1,0,0,0,0;
118,0.07000,0.00000,0.40000,1,0,1,1,0,0,0,0;
119,0.07000,0.05000,0.40000,0,0,0,0,0,0,0,0;
120,0.07000,0.10000,0.40000,0,0,0,0,0,0,0,0;
121,0.07000,0.15000,0.40000,0,0,0,0,0,0,0,0;
122,0.07000,0.20000,0.40000,0,0,0,0,0,0,0,0;
123,0.07000,0.25000,0.40000,0,0,0,0,0,0,0,0;
124,0.07000,0.30000,0.40000,0,0,0,0,0,0,0,0;
125,0.07000,0.35000,0.40000,0,0,0,0,0,0,0,0;
126,0.07000,0.40000,0.40000,0,0,0,0,0,0,0,0;
127,0.07000,0.45000,0.40000,0,0,0,0,0,0,0,0;
128,0.07000,0.50000,0.40000,1,0,1,1,0,0,0,0;
129,0.08000,0.00000,0.40000,1,0,1,1,0,0,0,0;
130,0.08000,0.02500,0.40000,0,0,0,0,0,0,0,0;
131,0.08000,0.05000,0.40000,0,0,0,0,0,0,0,0;
132,0.08000,0.07500,0.40000,0,0,0,0,0,0,0,0;
133,0.08000,0.10000,0.40000,0,0,0,0,0,0,0,0;
134,0.08000,0.12500,0.40000,0,0,0,0,0,0,0,0;
135,0.08000,0.15000,0.40000,0,0,0,0,0,0,0,0;
136,0.08000,0.17500,0.40000,0,0,0,0,0,0,0,0;
137,0.08000,0.20000,0.40000,0,0,0,0,0,0,0,0;
138,0.08000,0.22500,0.40000,0,0,0,0,0,0,0,0;
139,0.08000,0.25000,0.40000,0,0,0,0,0,0,0,0;
140,0.08000,0.27500,0.40000,0,0,0,0,0,0,0,0;
141,0.08000,0.30000,0.40000,0,0,0,0,0,0,0,0;
142,0.08000,0.32500,0.40000,0,0,0,0,0,0,0,0;
143,0.08000,0.35000,0.40000,0,0,0,0,0,0,0,0;
144,0.08000,0.37500,0.40000,0,0,0,0,0,0,0,0;
145,0.08000,0.40000,0.40000,0,0,0,0,0,0,0,0;
146,0.08000,0.42500,0.40000,0,0,0,0,0,0,0,0;
147,0.08000,0.45000,0.40000,0,0,0,0,0,0,0,0;
148,0.08000,0.47500,0.40000,0,0,0,0,0,0,0,0;
149,0.08000,0.50000,0.40000,1,0,1,1,0,0,0,0;
150,0.09000,0.00000,0.40000,1,0,1,1,0,0,0,0;
151,0.09000,0.05000,0.40000,0,0,0,0,0,0,0,0;
152,0.09000,0.10000,0.40000,0,0,0,0,0,0,0,0;
153,0.09000,0.15000,0.40000,0,0,0,0,0,0,0,0;
154,0.09000,0.20000,0.40000,0,0,0,0,0,0,0,0;
155,0.09000,0.25000,0.40000,0,0,0,0,0,0,0,0;
156,0.09000,0.30000,0.40000,0,0,0,0,0,0,0,0;
157,0.09000,0.35000,0.40000,0,0,0,0,0,0,0,0;
158,0.09000,0.40000,0.40000,0,0,0,0,0,0,0,0;
159,0.09000,0.45000,0.40000,0,0,0,0,0,0,0,0;
160,0.09000,0.50000,0.40000,1,0,1,1,0,0,0,0;
161,0.10000,0.00000,0.40000,1,0,1,1,0,0,0,0;
162,0.10000,0.02500,0.40000,0,0,0,0,0,0,0,0;
163,0.10000,0.05000,0.40000,0,0,0,0,0,0,0,0;
164,0.10000,0.07500,0.40000,0,0,0,0,0,0,0,0;
165,0.10000,0.10000,0.40000,0,0,0,0,0,0,0,0;
166,0.10000,0.12500,0.40000,0,0,0,0,0,0,0,0;
167,0.10000,0.15000,0.40000,0,0,0,0,0,0,0,0;
168,0.10000,0.17500,0.40000,0,0,0,0,0,0,0,0;
169,0.10000,0.20000,0.40000,0,0,0,0,0,0,0,0;
170,0.10000,0.22500,0.40000,0,0,0,0,0,0,0,0;
171,0.10000,0.25000,0.40000,0,0,0,0,0,0,0,0;
172,0.10000,0.27500,0.40000,0,0,0,0,0,0,0,0;
173,0.10000,0.30000,0.40000,0,0,0,0,0,0,0,0;
174,0.10000,0.32500,0.40000,0,0,0,0,0,0,0,0;
175,0.10000,0.35000,0.40000,0,0,0,0,0,0,0,0;
176,0.10000,0.37500,0.40000,0,0,0,0,0,0,0,0;
177,0.10000,0.40000,0.40000,0,0,0,0,0,0,0,0;
178,0.10000,0.42500,0.40000,0,0,0,0,0,0,0,0;
179,0.10000,0.45000,0.40000,0,0,0,0,0,0,0,0;
180,0.10000,0.47500,0.40000,0,0,0,0,0,0,0,0;
181,0.10000,0.50000,0.40000,1,0,1,1,0,0,0,0;
182,0.11000,0.00000,0.40000,1,0,1,1,0,0,0,0;
183,0.11000,0.05000,0.40000,0,0,0,0,0,0,0,0;
184,0.11000,0.10000,0.40000,0,0,0,0,0,0,0,0;
185,0.11000,0.15000,0.40000,0,0,0,0,0,0,0,0;
186,0.11000,0.20000,0.40000,0,0,0,0,0,0,0,0;
187,0.11000,0.25000,0.40000,0,0,0,0,0,0,0,0;
188,0.11000,0.30000,0.40000,0,0,0,0,0,0,0,0;
189,0.11000,0.35000,0.40000,0,0,0,0,0,0,0,0;
190,0.11000,0.40000,0.40000,0,0,0,0,0,0,0,0;
191,0.11000,0.45000,0.40000,0,0,0,0,0,0,0,0;
192,0.11000,0.50000,0.40000,1,0,1,1,0,0,0,0;
193,0.12000,0.00000,0.40000,1,0,1,1,0,0,0,0;
194,0.12000,0.02500,0.40000,0,0,0,0,0,0,0,0;
195,0.12000,0.05000,0.40000,0,0,0,0,0,0,0,0;
196,0.12000,0.07500,0.40000,0,0,0,0,0,0,0,0;
197,0.12000,0.10000,0.40000,0,0,0,0,0,0,0,0;
198,0.12000,0.12500,0.40000,0,0,0,0,0,0,0,0;
199,0.12000,0.15000,0.40000,0,0,0,0,0,0,0,0;
200,0.12000,0.17500,0.40000,0,0,0,0,0,0,0,0;
201,0.12000,0.20000,0.40000,0,0,0,0,0,0,0,0;
202,0.12000,0.22500,0.40000,0,0,0,0,0,0,0,0;
203,0.12000,0.25000,0.40000,0,0,0,0,0,0,0,0;
204,0.12000,0.27500,0.40000,0,0,0,0,0,0,0,0;
205,0.12000,0.30000,0.40000,0,0,0,0,0,0,0,0;
206,0.12000,0.32500,0.40000,0,0,0,0,0,0,0,0;
207,0.12000,0.35000,0.40000,0,0,0,0,0,0,0,0;
208,0.12000,0.37500,0.40000,0,0,0,0,0,0,0,0;
209,0.12000,0.40000,0.40000,0,0,0,0,0,0,0,0;
210,0.12000,0.42500,0.40000,0,0,0,0,0,0,0,0;
211,0.12000,0.45000,0.40000,0,0,0,0,0,0,0,0;
212,0.12000,0.47500,0.40000,0,0,0,0,0,0,0,0;
213,0.12000,0.50000,0.40000,1,0,1,1,0,0,0,0;
214,0.13000,0.00000,0.40000,1,0,1,1,0,0,0,0;
215,0.13000,0.05000,0.40000,0,0,0,0,0,0,0,0;
216,0.13000,0.10000,0.40000,0,0,0,0,0,0,0,0;
217,0.13000,0.15000,0.40000,0,0,0,0,0,0,0,0;
218,0.13000,0.20000,0.40000,0,0,0,0,0,0,0,0;
219,0.13000,0.25000,0.40000,0,0,0,0,0,0,0,0;
220,0.13000,0.30000,0.40000,0,0,0,0,0,0,0,0;
221,0.13000,0.35000,0.40000,0,0,0,0,0,0,0,0;
222,0.13000,0.40000,0.40000,0,0,0,0,0,0,0,0;
223,0.13000,0.45000,0.40000,0,0,0,0,0,0,0,0;
224,0.13000,0.50000,0.40000,1,0,1,1,0,0,0,0;
225,0.14000,0.00000,0.40000,1,0,1,1,0,0,0,0;
226,0.14000,0.02500,0.40000,0,0,0,0,0,0,0,0;
227,0.14000,0.05000,0.40000,0,0,0,0,0,0,0,0;
228,0.14000,0.07500,0.40000,0,0,0,0,0,0,0,0;
229,0.14000,0.10000,0.40000,0,0,0,0,0,0,0,0;
230,0.14000,0.12500,0.40000,0,0,0,0,0,0,0,0;
231,0.14000,0.15000,0.40000,0,0,0,0,0,0,0,0;
232,0.14000,0.17500,0.40000,0,0,0,0,0,0,0,0;
233,0.14000,0.20000,0.40000,0,0,0,0,0,0,0,0;
234,0.14000,0.22500,0.40000,0,0,0,0,0,0,0,0;
235,0.14000,0.25000,0.40000,0,0,0,0,0,0,0,0;
236,0.14000,0.27500,0.40000,0,0,0,0,0,0,0,0;
237,0.14000,0.30000,0.40000,0,0,0,0,0,0,0,0;
238,0.14000,0.32500,0.40000,0,0,0,0,0,0,0,0;
239,0.14000,0.35000,0.40000,0,0,0,0,0,0,0,0;
240,0.14000,0.37500,0.40000,0,0,0,0,0,0,0,0;
241,0.14000,0.40000,0.40000,0,0,0,0,0,0,0,0;
242,0.14000,0.42500,0.40000,0,0,0,0,0,0,0,0;
243,0.14000,0.45000,0.40000,0,0,0,0,0,0,0,0;
244,0.14000,0.47500,0.40000,0,0,0,0,0,0,0,0;
245,0.14000,0.50000,0.40000,1,0,1,1,0,0,0,0;
246,0.15000,0.00000,0.40000,1,0,1,1,0,0,0,0;
247,0.15000,0.05000,0.40000,0,0,0,0,0,0,0,0;
248,0.15000,0.10000,0.40000,0,0,0,0,0,0,0,0;
249,0.15000,0.15000,0.40000,0,0,0,0,0,0,0,0;
250,0.15000,0.20000,0.40000,0,0,0,0,0,0,0,0;
251,0.15000,0.25000,0.40000,0,0,0,0,0,0,0,0;
252,0.15000,0.30000,0.40000,0,0,0,0,0,0,0,0;
253,0.15000,0.35000,0.40000,0,0,0,0,0,0,0,0;
254,0.15000,0.40000,0.40000,0,0,0,0,0,0,0,0;
255,0.15000,0.45000,0.40000,0,0,0,0,0,0,0,0;
256,0.15000,0.50000,0.40000,1,0,1,1,0,0,0,0;
257,0.16000,0.00000,0.40000,1,0,1,1,0,0,0,0;
258,0.16000,0.02500,0.40000,0,0,0,0,0,0,0,0;
259,0.16000,0.05000,0.40000,0,0,0,0,0,0,0,0;
260,0.16000,0.07500,0.40000,0,0,0,0,0,0,0,0;
261,0.16000,0.10000,0.40000,0,0,0,0,0,0,0,0;
262,0.16000,0.12500,0.40000,0,0,0,0,0,0,0,0;
263,0.16000,0.15000,0.40000,0,0,0,0,0,0,0,0;
264,0.16000,0.17500,0.40000,0,0,0,0,0,0,0,0;
265,0.16000,0.20000,0.40000,0,0,0,0,0,0,0,0;
266,0.16000,0.22500,0.40000,0,0,0,0,0,0,0,0;
267,0.16000,0.25000,0.40000,0,0,0,0,0,0,0,0;
268,0.16000,0.27500,0.40000,0,0,0,0,0,0,0,0;
269,0.16000,0.30000,0.40000,0,0,0,0,0,0,0,0;
270,0.16000,0.32500,0.40000,0,0,0,0,0,0,0,0;
271,0.16000,0.35000,0.40000,0,0,0,0,0,0,0,0;
272,0.16000,0.37500,0.40000,0,0,0,0,0,0,0,0;
273,0.16000,0.40000,0.40000,0,0,0,0,0,0,0,0;
274,0.16000,0.42500,0.40000,0,0,0,0,0,0,0,0;
275,0.16000,0.45000,0.40000,0,0,0,0,0,0,0,0;
276,0.16000,0.47500,0.40000,0,0,0,0,0,0,0,0;
277,0.16000,0.50000,0.40000,1,0,1,1,0,0,0,0;
278,0.17000,0.00000,0.40000,1,0,1,1,0,0,0,0;
279,0.17000,0.05000,0.40000,0,0,0,0,0,0,0,0;
280,0.17000,0.10000,0.40000,0,0,0,0,0,0,0,0;
281,0.17000,0.15000,0.40000,0,0,0,0,0,0,0,0;
282,0.17000,0.20000,0.40000,0,0,0,0,0,0,0,0;
283,0.17000,0.25000,0.40000,0,0,0,0,0,0,0,0;
284,0.17000,0.30000,0.40000,0,0,0,0,0,0,0,0;
285,0.17000,0.35000,0.40000,0,0,0,0,0,0,0,0;
286,0.17000,0.40000,0.40000,0,0,0,0,0,0,0,0;
287,0.17000,0.45000,0.40000,0,0,0,0,0,0,0,0;
288,0.17000,0.50000,0.40000,1,0,1,1,0,0,0,0;
289,0.18000,0.00000,0.40000,1,0,1,1,0,0,0,0;
290,0.18000,0.02500,0.40000,0,0,0,0,0,0,0,0;
291,0.18000,0.05000,0.40000,0,0,0,0,0,0,0,0;
292,0.18000,0.07500,0.40000,0,0,0,0,0,0,0,0;
293,0.18000,0.10000,0.40000,0,0,0,0,0,0,0,0;
294,0.18000,0.12500,0.40000,0,0,0,0,0,0,0,0;
295,0.18000,0.15000,0.40000,0,0,0,0,0,0,0,0;
296,0.18000,0.17500,0.40000,0,0,0,0,0,0,0,0;
297,0.18000,0.20000,0.40000,0,0,0,0,0,0,0,0;
298,0.18000,0.22500,0.40000,0,0,0,0,0,0,0,0;
299,0.18000,0.25000,0.40000,0,0,0,0,0,0,0,0;
300,0.18000,0.27500,0.40000,0,0,0,0,0,0,0,0;
301,0.18000,0.30000,0.40000,0,0,0,0,0,0,0,0;
302,0.18000,0.32500,0.40000,0,0,0,0,0,0,0,0;
303,0.18000,0.35000,0.40000,0,0,0,0,0,0,0,0;
304,0.18000,0.37500,0.40000,0,0,0,0,0,0,0,0;
305,0.18000,0.40000,0.40000,0,0,0,0,0,0,0,0;
306,0.18000,0.42500,0.40000,0,0,0,0,0,0,0,0;
307,0.18000,0.45000,0.40000,0,0,0,0,0,0,0,0;
308,0.18000,0.47500,0.40000,0,0,0,0,0,0,0,0;
309,0.18000,0.50000,0.40000,1,0,1,1,0,0,0,0;
310,0.19000,0.00000,0.40000,1,0,1,1,0,0,0,0;
311,0.19000,0.05000,0.40000,0,0,0,0,0,0,0,0;
312,0.19000,0.10000,0.40000,0,0,0,0,0,0,0,0;
313,0.19000,0.15000,0.40000,0,0,0,0,0,0,0,0;
314,0.19000,0.20000,0.40000,0,0,0,0,0,0,0,0;
315,0.19000,0.25000,0.40000,0,0,0,0,0,0,0,0;
316,0.19000,0.30000,0.40000,0,0,0,0,0,0,0,0;
317,0.19000,0.35000,0.40000,0,0,0,0,0,0,0,0;
318,0.19000,0.40000,0.40000,0,0,0,0,0,0,0,0;
319,0.19000,0.45000,0.40000,0,0,0,0,0,0,0,0;
320,0.19000,0.50000,0.40000,1,0,1,1,0,0,0,0;
321,0.20000,0.00000,0.40000,1,1,1,1,1,0,0,0;
322,0.20000,0.02500,0.40000,0,1,1,0,1,0,0,0;
323,0.20000,0.05000,0.40000,0,1,1,0,1,0,0,0;
324,0.20000,0.07500,0.40000,0,1,1,0,1,0,0,0;
325,0.20000,0.10000,0.40000,0,1,1,0,1,0,0,0;
326,0.20000,0.12500,0.40000,0,1,1,0,1,0,0,0;
327,0.20000,0.15000,0.40000,0,1,1,0,1,0,0,0;
328,0.20000,0.17500,0.40000,0,1,1,0,1,0,0,0;
329,0.20000,0.20000,0.40000,0,1,1,0,1,0,0,0;
330,0.20000,0.22500,0.40000,0,1,1,0,1,0,0,0;
331,0.20000,0.25000,0.40000,0,1,1,0,1,0,0,0;
332,0.20000,0.27500,0.40000,0,1,1,0,1,0,0,0;
333,0.20000,0.30000,0.40000,0,1,1,0,1,0,0,0;
334,0.20000,0.32500,0.40000,0,1,1,0,1,0,0,0;
335,0.20000,0.35000,0.40000,0,1,1,0,1,0,0,0;
336,0.20000,0.37500,0.40000,0,1,1,0,1,0,0,0;
337,0.20000,0.40000,0.40000,0,1,1,0,1,0,0,0;
338,0.20000,0.42500,0.40000,0,1,1,0,1,0,0,0;
339,0.20000,0.45000,0.40000,0,1,1,0,1,0,0,0;
340,0.20000,0.47500,0.40000,0,1,1,0,1,0,0,0;
341,0.20000,0.50000,0.40000,1,1,1,1,1,0,0,0;


***********************************************************
MateProp = 


Layer1 = 

c = 
9.6485E+10  2.3359E+10  0.0000E+00  0.0000E+00  0.0000E+00
2.3359E+10  9.6485E+10  0.0000E+00  0.0000E+00  0.0000E+00
0.0000E+00  0.0000E+00  3.4900E+10  0.0000E+00  0.0000E+00
0.0000E+00  0.0000E+00  0.0000E+00  3.4375E+10  0.0000E+00
0.0000E+00  0.0000E+00  0.0000E+00  0.0000E+00  3.4375E+10

eM = 
-8.2129E+00  -8.2129E+00  0.0000E+00  0.0000E+00  0.0000E+00
0.0000E+00  0.0000E+00  0.0000E+00  0.0000E+00  0.0000E+00
0.0000E+00  0.0000E+00  0.0000E+00  0.0000E+00  0.0000E+00
0.0000E+00  0.0000E+00  0.0000E+00  0.0000E+00  0.0000E+00
0.0000E+00  0.0000E+00  0.0000E+00  0.0000E+00  0.0000E+00
0.0000E+00  0.0000E+00  0.0000E+00  0.0000E+00  0.0000E+00
0.0000E+00  0.0000E+00  0.0000E+00  0.0000E+00  0.0000E+00
0.0000E+00  0.0000E+00  0.0000E+00  0.0000E+00  0.0000E+00
0.0000E+00  0.0000E+00  0.0000E+00  0.0000E+00  0.0000E+00
0.0000E+00  0.0000E+00  0.0000E+00  0.0000E+00  0.0000E+00
0.0000E+00  0.0000E+00  0.0000E+00  0.0000E+00  0.0000E+00
0.0000E+00  0.0000E+00  0.0000E+00  0.0000E+00  0.0000E+00

gM = 
1.1514E-08  0.0000E+00  0.0000E+00  0.0000E+00  0.0000E+00  0.0000E+00  0.0000E+00  0.0000E+00  0.0000E+00  0.0000E+00  0.0000E+00  0.0000E+00
0.0000E+00  0.0000E+00  0.0000E+00  0.0000E+00  0.0000E+00  0.0000E+00  0.0000E+00  0.0000E+00  0.0000E+00  0.0000E+00  0.0000E+00  0.0000E+00
0.0000E+00  0.0000E+00  0.0000E+00  0.0000E+00  0.0000E+00  0.0000E+00  0.0000E+00  0.0000E+00  0.0000E+00  0.0000E+00  0.0000E+00  0.0000E+00
0.0000E+00  0.0000E+00  0.0000E+00  0.0000E+00  0.0000E+00  0.0000E+00  0.0000E+00  0.0000E+00  0.0000E+00  0.0000E+00  0.0000E+00  0.0000E+00
0.0000E+00  0.0000E+00  0.0000E+00  0.0000E+00  0.0000E+00  0.0000E+00  0.0000E+00  0.0000E+00  0.0000E+00  0.0000E+00  0.0000E+00  0.0000E+00
0.0000E+00  0.0000E+00  0.0000E+00  0.0000E+00  0.0000E+00  0.0000E+00  0.0000E+00  0.0000E+00  0.0000E+00  0.0000E+00  0.0000E+00  0.0000E+00
0.0000E+00  0.0000E+00  0.0000E+00  0.0000E+00  0.0000E+00  0.0000E+00  0.0000E+00  0.0000E+00  0.0000E+00  0.0000E+00  0.0000E+00  0.0000E+00
0.0000E+00  0.0000E+00  0.0000E+00  0.0000E+00  0.0000E+00  0.0000E+00  0.0000E+00  0.0000E+00  0.0000E+00  0.0000E+00  0.0000E+00  0.0000E+00
0.0000E+00  0.0000E+00  0.0000E+00  0.0000E+00  0.0000E+00  0.0000E+00  0.0000E+00  0.0000E+00  0.0000E+00  0.0000E+00  0.0000E+00  0.0000E+00
0.0000E+00  0.0000E+00  0.0000E+00  0.0000E+00  0.0000E+00  0.0000E+00  0.0000E+00  0.0000E+00  0.0000E+00  0.0000E+00  0.0000E+00  0.0000E+00
0.0000E+00  0.0000E+00  0.0000E+00  0.0000E+00  0.0000E+00  0.0000E+00  0.0000E+00  0.0000E+00  0.0000E+00  0.0000E+00  0.0000E+00  0.0000E+00
0.0000E+00  0.0000E+00  0.0000E+00  0.0000E+00  0.0000E+00  0.0000E+00  0.0000E+00  0.0000E+00  0.0000E+00  0.0000E+00  0.0000E+00  0.0000E+00

q = 
-8.0760E+00  -8.0760E+00  0.0000E+00  0.0000E+00  0.0000E+00
0.0000E+00  0.0000E+00  0.0000E+00  0.0000E+00  0.0000E+00
0.0000E+00  0.0000E+00  0.0000E+00  0.0000E+00  0.0000E+00
0.0000E+00  0.0000E+00  0.0000E+00  0.0000E+00  0.0000E+00
0.0000E+00  0.0000E+00  0.0000E+00  0.0000E+00  0.0000E+00
0.0000E+00  0.0000E+00  0.0000E+00  0.0000E+00  0.0000E+00
0.0000E+00  0.0000E+00  0.0000E+00  0.0000E+00  0.0000E+00
0.0000E+00  0.0000E+00  0.0000E+00  0.0000E+00  0.0000E+00
0.0000E+00  0.0000E+00  0.0000E+00  0.0000E+00  0.0000E+00
0.0000E+00  0.0000E+00  0.0000E+00  0.0000E+00  0.0000E+00
0.0000E+00  0.0000E+00  0.0000E+00  0.0000E+00  0.0000E+00
0.0000E+00  0.0000E+00  0.0000E+00  0.0000E+00  0.0000E+00

Alphat = 
1.2890E-05  1.2890E-05  0.0000E+00  0.0000E+00  0.0000E+00  
PyroE = 
0.0000E+00

PyroM = 
0.0000E+00

HC = 
2.6010E+00

k = 
0.0000E+00  0.0000E+00  0.0000E+00  0.0000E+00  0.0000E+00  0.0000E+00  0.0000E+00  0.0000E+00  0.0000E+00  0.0000E+00  0.0000E+00  0.0000E+00
0.0000E+00  0.0000E+00  0.0000E+00  0.0000E+00  0.0000E+00  0.0000E+00  0.0000E+00  0.0000E+00  0.0000E+00  0.0000E+00  0.0000E+00  0.0000E+00
0.0000E+00  0.0000E+00  0.0000E+00  0.0000E+00  0.0000E+00  0.0000E+00  0.0000E+00  0.0000E+00  0.0000E+00  0.0000E+00  0.0000E+00  0.0000E+00
0.0000E+00  0.0000E+00  0.0000E+00  0.0000E+00  0.0000E+00  0.0000E+00  0.0000E+00  0.0000E+00  0.0000E+00  0.0000E+00  0.0000E+00  0.0000E+00
0.0000E+00  0.0000E+00  0.0000E+00  0.0000E+00  0.0000E+00  0.0000E+00  0.0000E+00  0.0000E+00  0.0000E+00  0.0000E+00  0.0000E+00  0.0000E+00
0.0000E+00  0.0000E+00  0.0000E+00  0.0000E+00  0.0000E+00  0.0000E+00  0.0000E+00  0.0000E+00  0.0000E+00  0.0000E+00  0.0000E+00  0.0000E+00
0.0000E+00  0.0000E+00  0.0000E+00  0.0000E+00  0.0000E+00  0.0000E+00  0.0000E+00  0.0000E+00  0.0000E+00  0.0000E+00  0.0000E+00  0.0000E+00
0.0000E+00  0.0000E+00  0.0000E+00  0.0000E+00  0.0000E+00  0.0000E+00  0.0000E+00  0.0000E+00  0.0000E+00  0.0000E+00  0.0000E+00  0.0000E+00
0.0000E+00  0.0000E+00  0.0000E+00  0.0000E+00  0.0000E+00  0.0000E+00  0.0000E+00  0.0000E+00  0.0000E+00  0.0000E+00  0.0000E+00  0.0000E+00
0.0000E+00  0.0000E+00  0.0000E+00  0.0000E+00  0.0000E+00  0.0000E+00  0.0000E+00  0.0000E+00  0.0000E+00  0.0000E+00  0.0000E+00  0.0000E+00
0.0000E+00  0.0000E+00  0.0000E+00  0.0000E+00  0.0000E+00  0.0000E+00  0.0000E+00  0.0000E+00  0.0000E+00  0.0000E+00  0.0000E+00  0.0000E+00
0.0000E+00  0.0000E+00  0.0000E+00  0.0000E+00  0.0000E+00  0.0000E+00  0.0000E+00  0.0000E+00  0.0000E+00  0.0000E+00  0.0000E+00  0.0000E+00

r = 
-5.7500E-07  0.0000E+00  0.0000E+00  0.0000E+00  0.0000E+00  0.0000E+00  0.0000E+00  0.0000E+00  0.0000E+00  0.0000E+00  0.0000E+00  0.0000E+00
0.0000E+00  0.0000E+00  0.0000E+00  0.0000E+00  0.0000E+00  0.0000E+00  0.0000E+00  0.0000E+00  0.0000E+00  0.0000E+00  0.0000E+00  0.0000E+00
0.0000E+00  0.0000E+00  0.0000E+00  0.0000E+00  0.0000E+00  0.0000E+00  0.0000E+00  0.0000E+00  0.0000E+00  0.0000E+00  0.0000E+00  0.0000E+00
0.0000E+00  0.0000E+00  0.0000E+00  0.0000E+00  0.0000E+00  0.0000E+00  0.0000E+00  0.0000E+00  0.0000E+00  0.0000E+00  0.0000E+00  0.0000E+00
0.0000E+00  0.0000E+00  0.0000E+00  0.0000E+00  0.0000E+00  0.0000E+00  0.0000E+00  0.0000E+00  0.0000E+00  0.0000E+00  0.0000E+00  0.0000E+00
0.0000E+00  0.0000E+00  0.0000E+00  0.0000E+00  0.0000E+00  0.0000E+00  0.0000E+00  0.0000E+00  0.0000E+00  0.0000E+00  0.0000E+00  0.0000E+00
0.0000E+00  0.0000E+00  0.0000E+00  0.0000E+00  0.0000E+00  0.0000E+00  0.0000E+00  0.0000E+00  0.0000E+00  0.0000E+00  0.0000E+00  0.0000E+00
0.0000E+00  0.0000E+00  0.0000E+00  0.0000E+00  0.0000E+00  0.0000E+00  0.0000E+00  0.0000E+00  0.0000E+00  0.0000E+00  0.0000E+00  0.0000E+00
0.0000E+00  0.0000E+00  0.0000E+00  0.0000E+00  0.0000E+00  0.0000E+00  0.0000E+00  0.0000E+00  0.0000E+00  0.0000E+00  0.0000E+00  0.0000E+00
0.0000E+00  0.0000E+00  0.0000E+00  0.0000E+00  0.0000E+00  0.0000E+00  0.0000E+00  0.0000E+00  0.0000E+00  0.0000E+00  0.0000E+00  0.0000E+00
0.0000E+00  0.0000E+00  0.0000E+00  0.0000E+00  0.0000E+00  0.0000E+00  0.0000E+00  0.0000E+00  0.0000E+00  0.0000E+00  0.0000E+00  0.0000E+00
0.0000E+00  0.0000E+00  0.0000E+00  0.0000E+00  0.0000E+00  0.0000E+00  0.0000E+00  0.0000E+00  0.0000E+00  0.0000E+00  0.0000E+00  0.0000E+00


Layer2 = 

c = 
1.0014E+11  2.4754E+10  0.0000E+00  0.0000E+00  0.0000E+00
2.4754E+10  1.0014E+11  0.0000E+00  0.0000E+00  0.0000E+00
0.0000E+00  0.0000E+00  3.5900E+10  0.0000E+00  0.0000E+00
0.0000E+00  0.0000E+00  0.0000E+00  3.4417E+10  0.0000E+00
0.0000E+00  0.0000E+00  0.0000E+00  0.0000E+00  3.4417E+10

eM = 
0.0000E+00  0.0000E+00  0.0000E+00  0.0000E+00  0.0000E+00
-7.7272E+00  -7.7272E+00  0.0000E+00  0.0000E+00  0.0000E+00
0.0000E+00  0.0000E+00  0.0000E+00  0.0000E+00  0.0000E+00
0.0000E+00  0.0000E+00  0.0000E+00  0.0000E+00  0.0000E+00
0.0000E+00  0.0000E+00  0.0000E+00  0.0000E+00  0.0000E+00
0.0000E+00  0.0000E+00  0.0000E+00  0.0000E+00  0.0000E+00
0.0000E+00  0.0000E+00  0.0000E+00  0.0000E+00  0.0000E+00
0.0000E+00  0.0000E+00  0.0000E+00  0.0000E+00  0.0000E+00
0.0000E+00  0.0000E+00  0.0000E+00  0.0000E+00  0.0000E+00
0.0000E+00  0.0000E+00  0.0000E+00  0.0000E+00  0.0000E+00
0.0000E+00  0.0000E+00  0.0000E+00  0.0000E+00  0.0000E+00
0.0000E+00  0.0000E+00  0.0000E+00  0.0000E+00  0.0000E+00

gM = 
0.0000E+00  0.0000E+00  0.0000E+00  0.0000E+00  0.0000E+00  0.0000E+00  0.0000E+00  0.0000E+00  0.0000E+00  0.0000E+00  0.0000E+00  0.0000E+00
0.0000E+00  1.0464E-08  0.0000E+00  0.0000E+00  0.0000E+00  0.0000E+00  0.0000E+00  0.0000E+00  0.0000E+00  0.0000E+00  0.0000E+00  0.0000E+00
0.0000E+00  0.0000E+00  0.0000E+00  0.0000E+00  0.0000E+00  0.0000E+00  0.0000E+00  0.0000E+00  0.0000E+00  0.0000E+00  0.0000E+00  0.0000E+00
0.0000E+00  0.0000E+00  0.0000E+00  0.0000E+00  0.0000E+00  0.0000E+00  0.0000E+00  0.0000E+00  0.0000E+00  0.0000E+00  0.0000E+00  0.0000E+00
0.0000E+00  0.0000E+00  0.0000E+00  0.0000E+00  0.0000E+00  0.0000E+00  0.0000E+00  0.0000E+00  0.0000E+00  0.0000E+00  0.0000E+00  0.0000E+00
0.0000E+00  0.0000E+00  0.0000E+00  0.0000E+00  0.0000E+00  0.0000E+00  0.0000E+00  0.0000E+00  0.0000E+00  0.0000E+00  0.0000E+00  0.0000E+00
0.0000E+00  0.0000E+00  0.0000E+00  0.0000E+00  0.0000E+00  0.0000E+00  0.0000E+00  0.0000E+00  0.0000E+00  0.0000E+00  0.0000E+00  0.0000E+00
0.0000E+00  0.0000E+00  0.0000E+00  0.0000E+00  0.0000E+00  0.0000E+00  0.0000E+00  0.0000E+00  0.0000E+00  0.0000E+00  0.0000E+00  0.0000E+00
0.0000E+00  0.0000E+00  0.0000E+00  0.0000E+00  0.0000E+00  0.0000E+00  0.0000E+00  0.0000E+00  0.0000E+00  0.0000E+00  0.0000E+00  0.0000E+00
0.0000E+00  0.0000E+00  0.0000E+00  0.0000E+00  0.0000E+00  0.0000E+00  0.0000E+00  0.0000E+00  0.0000E+00  0.0000E+00  0.0000E+00  0.0000E+00
0.0000E+00  0.0000E+00  0.0000E+00  0.0000E+00  0.0000E+00  0.0000E+00  0.0000E+00  0.0000E+00  0.0000E+00  0.0000E+00  0.0000E+00  0.0000E+00
0.0000E+00  0.0000E+00  0.0000E+00  0.0000E+00  0.0000E+00  0.0000E+00  0.0000E+00  0.0000E+00  0.0000E+00  0.0000E+00  0.0000E+00  0.0000E+00

q = 
0.0000E+00  0.0000E+00  0.0000E+00  0.0000E+00  0.0000E+00
3.4610E+00  3.4610E+00  0.0000E+00  0.0000E+00  0.0000E+00
0.0000E+00  0.0000E+00  0.0000E+00  0.0000E+00  0.0000E+00
0.0000E+00  0.0000E+00  0.0000E+00  0.0000E+00  0.0000E+00
0.0000E+00  0.0000E+00  0.0000E+00  0.0000E+00  0.0000E+00
0.0000E+00  0.0000E+00  0.0000E+00  0.0000E+00  0.0000E+00
0.0000E+00  0.0000E+00  0.0000E+00  0.0000E+00  0.0000E+00
0.0000E+00  0.0000E+00  0.0000E+00  0.0000E+00  0.0000E+00
0.0000E+00  0.0000E+00  0.0000E+00  0.0000E+00  0.0000E+00
0.0000E+00  0.0000E+00  0.0000E+00  0.0000E+00  0.0000E+00
0.0000E+00  0.0000E+00  0.0000E+00  0.0000E+00  0.0000E+00
0.0000E+00  0.0000E+00  0.0000E+00  0.0000E+00  0.0000E+00

Alphat = 
1.2420E-05  1.2420E-05  0.0000E+00  0.0000E+00  0.0000E+00  
PyroE = 
0.0000E+00

PyroM = 
0.0000E+00

HC = 
2.5430E+00

k = 
0.0000E+00  0.0000E+00  0.0000E+00  0.0000E+00  0.0000E+00  0.0000E+00  0.0000E+00  0.0000E+00  0.0000E+00  0.0000E+00  0.0000E+00  0.0000E+00
0.0000E+00  0.0000E+00  0.0000E+00  0.0000E+00  0.0000E+00  0.0000E+00  0.0000E+00  0.0000E+00  0.0000E+00  0.0000E+00  0.0000E+00  0.0000E+00
0.0000E+00  0.0000E+00  0.0000E+00  0.0000E+00  0.0000E+00  0.0000E+00  0.0000E+00  0.0000E+00  0.0000E+00  0.0000E+00  0.0000E+00  0.0000E+00
0.0000E+00  0.0000E+00  0.0000E+00  0.0000E+00  0.0000E+00  0.0000E+00  0.0000E+00  0.0000E+00  0.0000E+00  0.0000E+00  0.0000E+00  0.0000E+00
0.0000E+00  0.0000E+00  0.0000E+00  0.0000E+00  0.0000E+00  0.0000E+00  0.0000E+00  0.0000E+00  0.0000E+00  0.0000E+00  0.0000E+00  0.0000E+00
0.0000E+00  0.0000E+00  0.0000E+00  0.0000E+00  0.0000E+00  0.0000E+00  0.0000E+00  0.0000E+00  0.0000E+00  0.0000E+00  0.0000E+00  0.0000E+00
0.0000E+00  0.0000E+00  0.0000E+00  0.0000E+00  0.0000E+00  0.0000E+00  0.0000E+00  0.0000E+00  0.0000E+00  0.0000E+00  0.0000E+00  0.0000E+00
0.0000E+00  0.0000E+00  0.0000E+00  0.0000E+00  0.0000E+00  0.0000E+00  0.0000E+00  0.0000E+00  0.0000E+00  0.0000E+00  0.0000E+00  0.0000E+00
0.0000E+00  0.0000E+00  0.0000E+00  0.0000E+00  0.0000E+00  0.0000E+00  0.0000E+00  0.0000E+00  0.0000E+00  0.0000E+00  0.0000E+00  0.0000E+00
0.0000E+00  0.0000E+00  0.0000E+00  0.0000E+00  0.0000E+00  0.0000E+00  0.0000E+00  0.0000E+00  0.0000E+00  0.0000E+00  0.0000E+00  0.0000E+00
0.0000E+00  0.0000E+00  0.0000E+00  0.0000E+00  0.0000E+00  0.0000E+00  0.0000E+00  0.0000E+00  0.0000E+00  0.0000E+00  0.0000E+00  0.0000E+00
0.0000E+00  0.0000E+00  0.0000E+00  0.0000E+00  0.0000E+00  0.0000E+00  0.0000E+00  0.0000E+00  0.0000E+00  0.0000E+00  0.0000E+00  0.0000E+00

r = 
0.0000E+00  0.0000E+00  0.0000E+00  0.0000E+00  0.0000E+00  0.0000E+00  0.0000E+00  0.0000E+00  0.0000E+00  0.0000E+00  0.0000E+00  0.0000E+00
0.0000E+00  1.1680E-05  0.0000E+00  0.0000E+00  0.0000E+00  0.0000E+00  0.0000E+00  0.0000E+00  0.0000E+00  0.0000E+00  0.0000E+00  0.0000E+00
0.0000E+00  0.0000E+00  0.0000E+00  0.0000E+00  0.0000E+00  0.0000E+00  0.0000E+00  0.0000E+00  0.0000E+00  0.0000E+00  0.0000E+00  0.0000E+00
0.0000E+00  0.0000E+00  0.0000E+00  0.0000E+00  0.0000E+00  0.0000E+00  0.0000E+00  0.0000E+00  0.0000E+00  0.0000E+00  0.0000E+00  0.0000E+00
0.0000E+00  0.0000E+00  0.0000E+00  0.0000E+00  0.0000E+00  0.0000E+00  0.0000E+00  0.0000E+00  0.0000E+00  0.0000E+00  0.0000E+00  0.0000E+00
0.0000E+00  0.0000E+00  0.0000E+00  0.0000E+00  0.0000E+00  0.0000E+00  0.0000E+00  0.0000E+00  0.0000E+00  0.0000E+00  0.0000E+00  0.0000E+00
0.0000E+00  0.0000E+00  0.0000E+00  0.0000E+00  0.0000E+00  0.0000E+00  0.0000E+00  0.0000E+00  0.0000E+00  0.0000E+00  0.0000E+00  0.0000E+00
0.0000E+00  0.0000E+00  0.0000E+00  0.0000E+00  0.0000E+00  0.0000E+00  0.0000E+00  0.0000E+00  0.0000E+00  0.0000E+00  0.0000E+00  0.0000E+00
0.0000E+00  0.0000E+00  0.0000E+00  0.0000E+00  0.0000E+00  0.0000E+00  0.0000E+00  0.0000E+00  0.0000E+00  0.0000E+00  0.0000E+00  0.0000E+00
0.0000E+00  0.0000E+00  0.0000E+00  0.0000E+00  0.0000E+00  0.0000E+00  0.0000E+00  0.0000E+00  0.0000E+00  0.0000E+00  0.0000E+00  0.0000E+00
0.0000E+00  0.0000E+00  0.0000E+00  0.0000E+00  0.0000E+00  0.0000E+00  0.0000E+00  0.0000E+00  0.0000E+00  0.0000E+00  0.0000E+00  0.0000E+00
0.0000E+00  0.0000E+00  0.0000E+00  0.0000E+00  0.0000E+00  0.0000E+00  0.0000E+00  0.0000E+00  0.0000E+00  0.0000E+00  0.0000E+00  0.0000E+00


Layer3 = 

c = 
1.0382E+11  2.6193E+10  0.0000E+00  0.0000E+00  0.0000E+00
2.6193E+10  1.0382E+11  0.0000E+00  0.0000E+00  0.0000E+00
0.0000E+00  0.0000E+00  3.6900E+10  0.0000E+00  0.0000E+00
0.0000E+00  0.0000E+00  0.0000E+00  3.4458E+10  0.0000E+00
0.0000E+00  0.0000E+00  0.0000E+00  0.0000E+00  3.4458E+10

eM = 
0.0000E+00  0.0000E+00  0.0000E+00  0.0000E+00  0.0000E+00
0.0000E+00  0.0000E+00  0.0000E+00  0.0000E+00  0.0000E+00
-7.1793E+00  -7.1793E+00  0.0000E+00  0.0000E+00  0.0000E+00
0.0000E+00  0.0000E+00  0.0000E+00  0.0000E+00  0.0000E+00
0.0000E+00  0.0000E+00  0.0000E+00  0.0000E+00  0.0000E+00
0.0000E+00  0.0000E+00  0.0000E+00  0.0000E+00  0.0000E+00
0.0000E+00  0.0000E+00  0.0000E+00  0.0000E+00  0.0000E+00
0.0000E+00  0.0000E+00  0.0000E+00  0.0000E+00  0.0000E+00
0.0000E+00  0.0000E+00  0.0000E+00  0.0000E+00  0.0000E+00
0.0000E+00  0.0000E+00  0.0000E+00  0.0000E+00  0.0000E+00
0.0000E+00  0.0000E+00  0.0000E+00  0.0000E+00  0.0000E+00
0.0000E+00  0.0000E+00  0.0000E+00  0.0000E+00  0.0000E+00

gM = 
0.0000E+00  0.0000E+00  0.0000E+00  0.0000E+00  0.0000E+00  0.0000E+00  0.0000E+00  0.0000E+00  0.0000E+00  0.0000E+00  0.0000E+00  0.0000E+00
0.0000E+00  0.0000E+00  0.0000E+00  0.0000E+00  0.0000E+00  0.0000E+00  0.0000E+00  0.0000E+00  0.0000E+00  0.0000E+00  0.0000E+00  0.0000E+00
0.0000E+00  0.0000E+00  9.4071E-09  0.0000E+00  0.0000E+00  0.0000E+00  0.0000E+00  0.0000E+00  0.0000E+00  0.0000E+00  0.0000E+00  0.0000E+00
0.0000E+00  0.0000E+00  0.0000E+00  0.0000E+00  0.0000E+00  0.0000E+00  0.0000E+00  0.0000E+00  0.0000E+00  0.0000E+00  0.0000E+00  0.0000E+00
0.0000E+00  0.0000E+00  0.0000E+00  0.0000E+00  0.0000E+00  0.0000E+00  0.0000E+00  0.0000E+00  0.0000E+00  0.0000E+00  0.0000E+00  0.0000E+00
0.0000E+00  0.0000E+00  0.0000E+00  0.0000E+00  0.0000E+00  0.0000E+00  0.0000E+00  0.0000E+00  0.0000E+00  0.0000E+00  0.0000E+00  0.0000E+00
0.0000E+00  0.0000E+00  0.0000E+00  0.0000E+00  0.0000E+00  0.0000E+00  0.0000E+00  0.0000E+00  0.0000E+00  0.0000E+00  0.0000E+00  0.0000E+00
0.0000E+00  0.0000E+00  0.0000E+00  0.0000E+00  0.0000E+00  0.0000E+00  0.0000E+00  0.0000E+00  0.0000E+00  0.0000E+00  0.0000E+00  0.0000E+00
0.0000E+00  0.0000E+00  0.0000E+00  0.0000E+00  0.0000E+00  0.0000E+00  0.0000E+00  0.0000E+00  0.0000E+00  0.0000E+00  0.0000E+00  0.0000E+00
0.0000E+00  0.0000E+00  0.0000E+00  0.0000E+00  0.0000E+00  0.0000E+00  0.0000E+00  0.0000E+00  0.0000E+00  0.0000E+00  0.0000E+00  0.0000E+00
0.0000E+00  0.0000E+00  0.0000E+00  0.0000E+00  0.0000E+00  0.0000E+00  0.0000E+00  0.0000E+00  0.0000E+00  0.0000E+00  0.0000E+00  0.0000E+00
0.0000E+00  0.0000E+00  0.0000E+00  0.0000E+00  0.0000E+00  0.0000E+00  0.0000E+00  0.0000E+00  0.0000E+00  0.0000E+00  0.0000E+00  0.0000E+00

q = 
0.0000E+00  0.0000E+00  0.0000E+00  0.0000E+00  0.0000E+00
0.0000E+00  0.0000E+00  0.0000E+00  0.0000E+00  0.0000E+00
1.5000E+01  1.5000E+01  0.0000E+00  0.0000E+00  0.0000E+00
0.0000E+00  0.0000E+00  0.0000E+00  0.0000E+00  0.0000E+00
0.0000E+00  0.0000E+00  0.0000E+00  0.0000E+00  0.0000E+00
0.0000E+00  0.0000E+00  0.0000E+00  0.0000E+00  0.0000E+00
0.0000E+00  0.0000E+00  0.0000E+00  0.0000E+00  0.0000E+00
0.0000E+00  0.0000E+00  0.0000E+00  0.0000E+00  0.0000E+00
0.0000E+00  0.0000E+00  0.0000E+00  0.0000E+00  0.0000E+00
0.0000E+00  0.0000E+00  0.0000E+00  0.0000E+00  0.0000E+00
0.0000E+00  0.0000E+00  0.0000E+00  0.0000E+00  0.0000E+00
0.0000E+00  0.0000E+00  0.0000E+00  0.0000E+00  0.0000E+00

Alphat = 
1.1940E-05  1.1940E-05  0.0000E+00  0.0000E+00  0.0000E+00  
PyroE = 
0.0000E+00

PyroM = 
0.0000E+00

HC = 
2.4840E+00

k = 
0.0000E+00  0.0000E+00  0.0000E+00  0.0000E+00  0.0000E+00  0.0000E+00  0.0000E+00  0.0000E+00  0.0000E+00  0.0000E+00  0.0000E+00  0.0000E+00
0.0000E+00  0.0000E+00  0.0000E+00  0.0000E+00  0.0000E+00  0.0000E+00  0.0000E+00  0.0000E+00  0.0000E+00  0.0000E+00  0.0000E+00  0.0000E+00
0.0000E+00  0.0000E+00  0.0000E+00  0.0000E+00  0.0000E+00  0.0000E+00  0.0000E+00  0.0000E+00  0.0000E+00  0.0000E+00  0.0000E+00  0.0000E+00
0.0000E+00  0.0000E+00  0.0000E+00  0.0000E+00  0.0000E+00  0.0000E+00  0.0000E+00  0.0000E+00  0.0000E+00  0.0000E+00  0.0000E+00  0.0000E+00
0.0000E+00  0.0000E+00  0.0000E+00  0.0000E+00  0.0000E+00  0.0000E+00  0.0000E+00  0.0000E+00  0.0000E+00  0.0000E+00  0.0000E+00  0.0000E+00
0.0000E+00  0.0000E+00  0.0000E+00  0.0000E+00  0.0000E+00  0.0000E+00  0.0000E+00  0.0000E+00  0.0000E+00  0.0000E+00  0.0000E+00  0.0000E+00
0.0000E+00  0.0000E+00  0.0000E+00  0.0000E+00  0.0000E+00  0.0000E+00  0.0000E+00  0.0000E+00  0.0000E+00  0.0000E+00  0.0000E+00  0.0000E+00
0.0000E+00  0.0000E+00  0.0000E+00  0.0000E+00  0.0000E+00  0.0000E+00  0.0000E+00  0.0000E+00  0.0000E+00  0.0000E+00  0.0000E+00  0.0000E+00
0.0000E+00  0.0000E+00  0.0000E+00  0.0000E+00  0.0000E+00  0.0000E+00  0.0000E+00  0.0000E+00  0.0000E+00  0.0000E+00  0.0000E+00  0.0000E+00
0.0000E+00  0.0000E+00  0.0000E+00  0.0000E+00  0.0000E+00  0.0000E+00  0.0000E+00  0.0000E+00  0.0000E+00  0.0000E+00  0.0000E+00  0.0000E+00
0.0000E+00  0.0000E+00  0.0000E+00  0.0000E+00  0.0000E+00  0.0000E+00  0.0000E+00  0.0000E+00  0.0000E+00  0.0000E+00  0.0000E+00  0.0000E+00
0.0000E+00  0.0000E+00  0.0000E+00  0.0000E+00  0.0000E+00  0.0000E+00  0.0000E+00  0.0000E+00  0.0000E+00  0.0000E+00  0.0000E+00  0.0000E+00

r = 
0.0000E+00  0.0000E+00  0.0000E+00  0.0000E+00  0.0000E+00  0.0000E+00  0.0000E+00  0.0000E+00  0.0000E+00  0.0000E+00  0.0000E+00  0.0000E+00
0.0000E+00  0.0000E+00  0.0000E+00  0.0000E+00  0.0000E+00  0.0000E+00  0.0000E+00  0.0000E+00  0.0000E+00  0.0000E+00  0.0000E+00  0.0000E+00
0.0000E+00  0.0000E+00  2.3930E-05  0.0000E+00  0.0000E+00  0.0000E+00  0.0000E+00  0.0000E+00  0.0000E+00  0.0000E+00  0.0000E+00  0.0000E+00
0.0000E+00  0.0000E+00  0.0000E+00  0.0000E+00  0.0000E+00  0.0000E+00  0.0000E+00  0.0000E+00  0.0000E+00  0.0000E+00  0.0000E+00  0.0000E+00
0.0000E+00  0.0000E+00  0.0000E+00  0.0000E+00  0.0000E+00  0.0000E+00  0.0000E+00  0.0000E+00  0.0000E+00  0.0000E+00  0.0000E+00  0.0000E+00
0.0000E+00  0.0000E+00  0.0000E+00  0.0000E+00  0.0000E+00  0.0000E+00  0.0000E+00  0.0000E+00  0.0000E+00  0.0000E+00  0.0000E+00  0.0000E+00
0.0000E+00  0.0000E+00  0.0000E+00  0.0000E+00  0.0000E+00  0.0000E+00  0.0000E+00  0.0000E+00  0.0000E+00  0.0000E+00  0.0000E+00  0.0000E+00
0.0000E+00  0.0000E+00  0.0000E+00  0.0000E+00  0.0000E+00  0.0000E+00  0.0000E+00  0.0000E+00  0.0000E+00  0.0000E+00  0.0000E+00  0.0000E+00
0.0000E+00  0.0000E+00  0.0000E+00  0.0000E+00  0.0000E+00  0.0000E+00  0.0000E+00  0.0000E+00  0.0000E+00  0.0000E+00  0.0000E+00  0.0000E+00
0.0000E+00  0.0000E+00  0.0000E+00  0.0000E+00  0.0000E+00  0.0000E+00  0.0000E+00  0.0000E+00  0.0000E+00  0.0000E+00  0.0000E+00  0.0000E+00
0.0000E+00  0.0000E+00  0.0000E+00  0.0000E+00  0.0000E+00  0.0000E+00  0.0000E+00  0.0000E+00  0.0000E+00  0.0000E+00  0.0000E+00  0.0000E+00
0.0000E+00  0.0000E+00  0.0000E+00  0.0000E+00  0.0000E+00  0.0000E+00  0.0000E+00  0.0000E+00  0.0000E+00  0.0000E+00  0.0000E+00  0.0000E+00


Layer4 = 

c = 
1.0752E+11  2.7664E+10  0.0000E+00  0.0000E+00  0.0000E+00
2.7664E+10  1.0752E+11  0.0000E+00  0.0000E+00  0.0000E+00
0.0000E+00  0.0000E+00  3.7900E+10  0.0000E+00  0.0000E+00
0.0000E+00  0.0000E+00  0.0000E+00  3.4500E+10  0.0000E+00
0.0000E+00  0.0000E+00  0.0000E+00  0.0000E+00  3.4500E+10

eM = 
0.0000E+00  0.0000E+00  0.0000E+00  0.0000E+00  0.0000E+00
0.0000E+00  0.0000E+00  0.0000E+00  0.0000E+00  0.0000E+00
0.0000E+00  0.0000E+00  0.0000E+00  0.0000E+00  0.0000E+00
-6.5658E+00  -6.5658E+00  0.0000E+00  0.0000E+00  0.0000E+00
0.0000E+00  0.0000E+00  0.0000E+00  0.0000E+00  0.0000E+00
0.0000E+00  0.0000E+00  0.0000E+00  0.0000E+00  0.0000E+00
0.0000E+00  0.0000E+00  0.0000E+00  0.0000E+00  0.0000E+00
0.0000E+00  0.0000E+00  0.0000E+00  0.0000E+00  0.0000E+00
0.0000E+00  0.0000E+00  0.0000E+00  0.0000E+00  0.0000E+00
0.0000E+00  0.0000E+00  0.0000E+00  0.0000E+00  0.0000E+00
0.0000E+00  0.0000E+00  0.0000E+00  0.0000E+00  0.0000E+00
0.0000E+00  0.0000E+00  0.0000E+00  0.0000E+00  0.0000E+00

gM = 
0.0000E+00  0.0000E+00  0.0000E+00  0.0000E+00  0.0000E+00  0.0000E+00  0.0000E+00  0.0000E+00  0.0000E+00  0.0000E+00  0.0000E+00  0.0000E+00
0.0000E+00  0.0000E+00  0.0000E+00  0.0000E+00  0.0000E+00  0.0000E+00  0.0000E+00  0.0000E+00  0.0000E+00  0.0000E+00  0.0000E+00  0.0000E+00
0.0000E+00  0.0000E+00  0.0000E+00  0.0000E+00  0.0000E+00  0.0000E+00  0.0000E+00  0.0000E+00  0.0000E+00  0.0000E+00  0.0000E+00  0.0000E+00
0.0000E+00  0.0000E+00  0.0000E+00  8.3442E-09  0.0000E+00  0.0000E+00  0.0000E+00  0.0000E+00  0.0000E+00  0.0000E+00  0.0000E+00  0.0000E+00
0.0000E+00  0.0000E+00  0.0000E+00  0.0000E+00  0.0000E+00  0.0000E+00  0.0000E+00  0.0000E+00  0.0000E+00  0.0000E+00  0.0000E+00  0.0000E+00
0.0000E+00  0.0000E+00  0.0000E+00  0.0000E+00  0.0000E+00  0.0000E+00  0.0000E+00  0.0000E+00  0.0000E+00  0.0000E+00  0.0000E+00  0.0000E+00
0.0000E+00  0.0000E+00  0.0000E+00  0.0000E+00  0.0000E+00  0.0000E+00  0.0000E+00  0.0000E+00  0.0000E+00  0.0000E+00  0.0000E+00  0.0000E+00
0.0000E+00  0.0000E+00  0.0000E+00  0.0000E+00  0.0000E+00  0.0000E+00  0.0000E+00  0.0000E+00  0.0000E+00  0.0000E+00  0.0000E+00  0.0000E+00
0.0000E+00  0.0000E+00  0.0000E+00  0.0000E+00  0.0000E+00  0.0000E+00  0.0000E+00  0.0000E+00  0.0000E+00  0.0000E+00  0.0000E+00  0.0000E+00
0.0000E+00  0.0000E+00  0.0000E+00  0.0000E+00  0.0000E+00  0.0000E+00  0.0000E+00  0.0000E+00  0.0000E+00  0.0000E+00  0.0000E+00  0.0000E+00
0.0000E+00  0.0000E+00  0.0000E+00  0.0000E+00  0.0000E+00  0.0000E+00  0.0000E+00  0.0000E+00  0.0000E+00  0.0000E+00  0.0000E+00  0.0000E+00
0.0000E+00  0.0000E+00  0.0000E+00  0.0000E+00  0.0000E+00  0.0000E+00  0.0000E+00  0.0000E+00  0.0000E+00  0.0000E+00  0.0000E+00  0.0000E+00

q = 
0.0000E+00  0.0000E+00  0.0000E+00  0.0000E+00  0.0000E+00
0.0000E+00  0.0000E+00  0.0000E+00  0.0000E+00  0.0000E+00
0.0000E+00  0.0000E+00  0.0000E+00  0.0000E+00  0.0000E+00
2.6530E+01  2.6530E+01  0.0000E+00  0.0000E+00  0.0000E+00
0.0000E+00  0.0000E+00  0.0000E+00  0.0000E+00  0.0000E+00
0.0000E+00  0.0000E+00  0.0000E+00  0.0000E+00  0.0000E+00
0.0000E+00  0.0000E+00  0.0000E+00  0.0000E+00  0.0000E+00
0.0000E+00  0.0000E+00  0.0000E+00  0.0000E+00  0.0000E+00
0.0000E+00  0.0000E+00  0.0000E+00  0.0000E+00  0.0000E+00
0.0000E+00  0.0000E+00  0.0000E+00  0.0000E+00  0.0000E+00
0.0000E+00  0.0000E+00  0.0000E+00  0.0000E+00  0.0000E+00
0.0000E+00  0.0000E+00  0.0000E+00  0.0000E+00  0.0000E+00

Alphat = 
1.1470E-05  1.1470E-05  0.0000E+00  0.0000E+00  0.0000E+00  
PyroE = 
0.0000E+00

PyroM = 
0.0000E+00

HC = 
2.4260E+00

k = 
0.0000E+00  0.0000E+00  0.0000E+00  0.0000E+00  0.0000E+00  0.0000E+00  0.0000E+00  0.0000E+00  0.0000E+00  0.0000E+00  0.0000E+00  0.0000E+00
0.0000E+00  0.0000E+00  0.0000E+00  0.0000E+00  0.0000E+00  0.0000E+00  0.0000E+00  0.0000E+00  0.0000E+00  0.0000E+00  0.0000E+00  0.0000E+00
0.0000E+00  0.0000E+00  0.0000E+00  0.0000E+00  0.0000E+00  0.0000E+00  0.0000E+00  0.0000E+00  0.0000E+00  0.0000E+00  0.0000E+00  0.0000E+00
0.0000E+00  0.0000E+00  0.0000E+00  0.0000E+00  0.0000E+00  0.0000E+00  0.0000E+00  0.0000E+00  0.0000E+00  0.0000E+00  0.0000E+00  0.0000E+00
0.0000E+00  0.0000E+00  0.0000E+00  0.0000E+00  0.0000E+00  0.0000E+00  0.0000E+00  0.0000E+00  0.0000E+00  0.0000E+00  0.0000E+00  0.0000E+00
0.0000E+00  0.0000E+00  0.0000E+00  0.0000E+00  0.0000E+00  0.0000E+00  0.0000E+00  0.0000E+00  0.0000E+00  0.0000E+00  0.0000E+00  0.0000E+00
0.0000E+00  0.0000E+00  0.0000E+00  0.0000E+00  0.0000E+00  0.0000E+00  0.0000E+00  0.0000E+00  0.0000E+00  0.0000E+00  0.0000E+00  0.0000E+00
0.0000E+00  0.0000E+00  0.0000E+00  0.0000E+00  0.0000E+00  0.0000E+00  0.0000E+00  0.0000E+00  0.0000E+00  0.0000E+00  0.0000E+00  0.0000E+00
0.0000E+00  0.0000E+00  0.0000E+00  0.0000E+00  0.0000E+00  0.0000E+00  0.0000E+00  0.0000E+00  0.0000E+00  0.0000E+00  0.0000E+00  0.0000E+00
0.0000E+00  0.0000E+00  0.0000E+00  0.0000E+00  0.0000E+00  0.0000E+00  0.0000E+00  0.0000E+00  0.0000E+00  0.0000E+00  0.0000E+00  0.0000E+00
0.0000E+00  0.0000E+00  0.0000E+00  0.0000E+00  0.0000E+00  0.0000E+00  0.0000E+00  0.0000E+00  0.0000E+00  0.0000E+00  0.0000E+00  0.0000E+00
0.0000E+00  0.0000E+00  0.0000E+00  0.0000E+00  0.0000E+00  0.0000E+00  0.0000E+00  0.0000E+00  0.0000E+00  0.0000E+00  0.0000E+00  0.0000E+00

r = 
0.0000E+00  0.0000E+00  0.0000E+00  0.0000E+00  0.0000E+00  0.0000E+00  0.0000E+00  0.0000E+00  0.0000E+00  0.0000E+00  0.0000E+00  0.0000E+00
0.0000E+00  0.0000E+00  0.0000E+00  0.0000E+00  0.0000E+00  0.0000E+00  0.0000E+00  0.0000E+00  0.0000E+00  0.0000E+00  0.0000E+00  0.0000E+00
0.0000E+00  0.0000E+00  0.0000E+00  0.0000E+00  0.0000E+00  0.0000E+00  0.0000E+00  0.0000E+00  0.0000E+00  0.0000E+00  0.0000E+00  0.0000E+00
0.0000E+00  0.0000E+00  0.0000E+00  3.6180E-05  0.0000E+00  0.0000E+00  0.0000E+00  0.0000E+00  0.0000E+00  0.0000E+00  0.0000E+00  0.0000E+00
0.0000E+00  0.0000E+00  0.0000E+00  0.0000E+00  0.0000E+00  0.0000E+00  0.0000E+00  0.0000E+00  0.0000E+00  0.0000E+00  0.0000E+00  0.0000E+00
0.0000E+00  0.0000E+00  0.0000E+00  0.0000E+00  0.0000E+00  0.0000E+00  0.0000E+00  0.0000E+00  0.0000E+00  0.0000E+00  0.0000E+00  0.0000E+00
0.0000E+00  0.0000E+00  0.0000E+00  0.0000E+00  0.0000E+00  0.0000E+00  0.0000E+00  0.0000E+00  0.0000E+00  0.0000E+00  0.0000E+00  0.0000E+00
0.0000E+00  0.0000E+00  0.0000E+00  0.0000E+00  0.0000E+00  0.0000E+00  0.0000E+00  0.0000E+00  0.0000E+00  0.0000E+00  0.0000E+00  0.0000E+00
0.0000E+00  0.0000E+00  0.0000E+00  0.0000E+00  0.0000E+00  0.0000E+00  0.0000E+00  0.0000E+00  0.0000E+00  0.0000E+00  0.0000E+00  0.0000E+00
0.0000E+00  0.0000E+00  0.0000E+00  0.0000E+00  0.0000E+00  0.0000E+00  0.0000E+00  0.0000E+00  0.0000E+00  0.0000E+00  0.0000E+00  0.0000E+00
0.0000E+00  0.0000E+00  0.0000E+00  0.0000E+00  0.0000E+00  0.0000E+00  0.0000E+00  0.0000E+00  0.0000E+00  0.0000E+00  0.0000E+00  0.0000E+00
0.0000E+00  0.0000E+00  0.0000E+00  0.0000E+00  0.0000E+00  0.0000E+00  0.0000E+00  0.0000E+00  0.0000E+00  0.0000E+00  0.0000E+00  0.0000E+00


Layer5 = 

c = 
1.1126E+11  2.9195E+10  0.0000E+00  0.0000E+00  0.0000E+00
2.9195E+10  1.1126E+11  0.0000E+00  0.0000E+00  0.0000E+00
0.0000E+00  0.0000E+00  3.8900E+10  0.0000E+00  0.0000E+00
0.0000E+00  0.0000E+00  0.0000E+00  3.4542E+10  0.0000E+00
0.0000E+00  0.0000E+00  0.0000E+00  0.0000E+00  3.4542E+10

eM = 
0.0000E+00  0.0000E+00  0.0000E+00  0.0000E+00  0.0000E+00
0.0000E+00  0.0000E+00  0.0000E+00  0.0000E+00  0.0000E+00
0.0000E+00  0.0000E+00  0.0000E+00  0.0000E+00  0.0000E+00
0.0000E+00  0.0000E+00  0.0000E+00  0.0000E+00  0.0000E+00
-5.8865E+00  -5.8865E+00  0.0000E+00  0.0000E+00  0.0000E+00
0.0000E+00  0.0000E+00  0.0000E+00  0.0000E+00  0.0000E+00
0.0000E+00  0.0000E+00  0.0000E+00  0.0000E+00  0.0000E+00
0.0000E+00  0.0000E+00  0.0000E+00  0.0000E+00  0.0000E+00
0.0000E+00  0.0000E+00  0.0000E+00  0.0000E+00  0.0000E+00
0.0000E+00  0.0000E+00  0.0000E+00  0.0000E+00  0.0000E+00
0.0000E+00  0.0000E+00  0.0000E+00  0.0000E+00  0.0000E+00
0.0000E+00  0.0000E+00  0.0000E+00  0.0000E+00  0.0000E+00

gM = 
0.0000E+00  0.0000E+00  0.0000E+00  0.0000E+00  0.0000E+00  0.0000E+00  0.0000E+00  0.0000E+00  0.0000E+00  0.0000E+00  0.0000E+00  0.0000E+00
0.0000E+00  0.0000E+00  0.0000E+00  0.0000E+00  0.0000E+00  0.0000E+00  0.0000E+00  0.0000E+00  0.0000E+00  0.0000E+00  0.0000E+00  0.0000E+00
0.0000E+00  0.0000E+00  0.0000E+00  0.0000E+00  0.0000E+00  0.0000E+00  0.0000E+00  0.0000E+00  0.0000E+00  0.0000E+00  0.0000E+00  0.0000E+00
0.0000E+00  0.0000E+00  0.0000E+00  0.0000E+00  0.0000E+00  0.0000E+00  0.0000E+00  0.0000E+00  0.0000E+00  0.0000E+00  0.0000E+00  0.0000E+00
0.0000E+00  0.0000E+00  0.0000E+00  0.0000E+00  7.2686E-09  0.0000E+00  0.0000E+00  0.0000E+00  0.0000E+00  0.0000E+00  0.0000E+00  0.0000E+00
0.0000E+00  0.0000E+00  0.0000E+00  0.0000E+00  0.0000E+00  0.0000E+00  0.0000E+00  0.0000E+00  0.0000E+00  0.0000E+00  0.0000E+00  0.0000E+00
0.0000E+00  0.0000E+00  0.0000E+00  0.0000E+00  0.0000E+00  0.0000E+00  0.0000E+00  0.0000E+00  0.0000E+00  0.0000E+00  0.0000E+00  0.0000E+00
0.0000E+00  0.0000E+00  0.0000E+00  0.0000E+00  0.0000E+00  0.0000E+00  0.0000E+00  0.0000E+00  0.0000E+00  0.0000E+00  0.0000E+00  0.0000E+00
0.0000E+00  0.0000E+00  0.0000E+00  0.0000E+00  0.0000E+00  0.0000E+00  0.0000E+00  0.0000E+00  0.0000E+00  0.0000E+00  0.0000E+00  0.0000E+00
0.0000E+00  0.0000E+00  0.0000E+00  0.0000E+00  0.0000E+00  0.0000E+00  0.0000E+00  0.0000E+00  0.0000E+00  0.0000E+00  0.0000E+00  0.0000E+00
0.0000E+00  0.0000E+00  0.0000E+00  0.0000E+00  0.0000E+00  0.0000E+00  0.0000E+00  0.0000E+00  0.0000E+00  0.0000E+00  0.0000E+00  0.0000E+00
0.0000E+00  0.0000E+00  0.0000E+00  0.0000E+00  0.0000E+00  0.0000E+00  0.0000E+00  0.0000E+00  0.0000E+00  0.0000E+00  0.0000E+00  0.0000E+00

q = 
0.0000E+00  0.0000E+00  0.0000E+00  0.0000E+00  0.0000E+00
0.0000E+00  0.0000E+00  0.0000E+00  0.0000E+00  0.0000E+00
0.0000E+00  0.0000E+00  0.0000E+00  0.0000E+00  0.0000E+00
0.0000E+00  0.0000E+00  0.0000E+00  0.0000E+00  0.0000E+00
3.8070E+01  3.8070E+01  0.0000E+00  0.0000E+00  0.0000E+00
0.0000E+00  0.0000E+00  0.0000E+00  0.0000E+00  0.0000E+00
0.0000E+00  0.0000E+00  0.0000E+00  0.0000E+00  0.0000E+00
0.0000E+00  0.0000E+00  0.0000E+00  0.0000E+00  0.0000E+00
0.0000E+00  0.0000E+00  0.0000E+00  0.0000E+00  0.0000E+00
0.0000E+00  0.0000E+00  0.0000E+00  0.0000E+00  0.0000E+00
0.0000E+00  0.0000E+00  0.0000E+00  0.0000E+00  0.0000E+00
0.0000E+00  0.0000E+00  0.0000E+00  0.0000E+00  0.0000E+00

Alphat = 
1.0990E-05  1.0990E-05  0.0000E+00  0.0000E+00  0.0000E+00  
PyroE = 
0.0000E+00

PyroM = 
0.0000E+00

HC = 
2.3680E+00

k = 
0.0000E+00  0.0000E+00  0.0000E+00  0.0000E+00  0.0000E+00  0.0000E+00  0.0000E+00  0.0000E+00  0.0000E+00  0.0000E+00  0.0000E+00  0.0000E+00
0.0000E+00  0.0000E+00  0.0000E+00  0.0000E+00  0.0000E+00  0.0000E+00  0.0000E+00  0.0000E+00  0.0000E+00  0.0000E+00  0.0000E+00  0.0000E+00
0.0000E+00  0.0000E+00  0.0000E+00  0.0000E+00  0.0000E+00  0.0000E+00  0.0000E+00  0.0000E+00  0.0000E+00  0.0000E+00  0.0000E+00  0.0000E+00
0.0000E+00  0.0000E+00  0.0000E+00  0.0000E+00  0.0000E+00  0.0000E+00  0.0000E+00  0.0000E+00  0.0000E+00  0.0000E+00  0.0000E+00  0.0000E+00
0.0000E+00  0.0000E+00  0.0000E+00  0.0000E+00  0.0000E+00  0.0000E+00  0.0000E+00  0.0000E+00  0.0000E+00  0.0000E+00  0.0000E+00  0.0000E+00
0.0000E+00  0.0000E+00  0.0000E+00  0.0000E+00  0.0000E+00  0.0000E+00  0.0000E+00  0.0000E+00  0.0000E+00  0.0000E+00  0.0000E+00  0.0000E+00
0.0000E+00  0.0000E+00  0.0000E+00  0.0000E+00  0.0000E+00  0.0000E+00  0.0000E+00  0.0000E+00  0.0000E+00  0.0000E+00  0.0000E+00  0.0000E+00
0.0000E+00  0.0000E+00  0.0000E+00  0.0000E+00  0.0000E+00  0.0000E+00  0.0000E+00  0.0000E+00  0.0000E+00  0.0000E+00  0.0000E+00  0.0000E+00
0.0000E+00  0.0000E+00  0.0000E+00  0.0000E+00  0.0000E+00  0.0000E+00  0.0000E+00  0.0000E+00  0.0000E+00  0.0000E+00  0.0000E+00  0.0000E+00
0.0000E+00  0.0000E+00  0.0000E+00  0.0000E+00  0.0000E+00  0.0000E+00  0.0000E+00  0.0000E+00  0.0000E+00  0.0000E+00  0.0000E+00  0.0000E+00
0.0000E+00  0.0000E+00  0.0000E+00  0.0000E+00  0.0000E+00  0.0000E+00  0.0000E+00  0.0000E+00  0.0000E+00  0.0000E+00  0.0000E+00  0.0000E+00
0.0000E+00  0.0000E+00  0.0000E+00  0.0000E+00  0.0000E+00  0.0000E+00  0.0000E+00  0.0000E+00  0.0000E+00  0.0000E+00  0.0000E+00  0.0000E+00

r = 
0.0000E+00  0.0000E+00  0.0000E+00  0.0000E+00  0.0000E+00  0.0000E+00  0.0000E+00  0.0000E+00  0.0000E+00  0.0000E+00  0.0000E+00  0.0000E+00
0.0000E+00  0.0000E+00  0.0000E+00  0.0000E+00  0.0000E+00  0.0000E+00  0.0000E+00  0.0000E+00  0.0000E+00  0.0000E+00  0.0000E+00  0.0000E+00
0.0000E+00  0.0000E+00  0.0000E+00  0.0000E+00  0.0000E+00  0.0000E+00  0.0000E+00  0.0000E+00  0.0000E+00  0.0000E+00  0.0000E+00  0.0000E+00
0.0000E+00  0.0000E+00  0.0000E+00  0.0000E+00  0.0000E+00  0.0000E+00  0.0000E+00  0.0000E+00  0.0000E+00  0.0000E+00  0.0000E+00  0.0000E+00
0.0000E+00  0.0000E+00  0.0000E+00  0.0000E+00  4.8430E-05  0.0000E+00  0.0000E+00  0.0000E+00  0.0000E+00  0.0000E+00  0.0000E+00  0.0000E+00
0.0000E+00  0.0000E+00  0.0000E+00  0.0000E+00  0.0000E+00  0.0000E+00  0.0000E+00  0.0000E+00  0.0000E+00  0.0000E+00  0.0000E+00  0.0000E+00
0.0000E+00  0.0000E+00  0.0000E+00  0.0000E+00  0.0000E+00  0.0000E+00  0.0000E+00  0.0000E+00  0.0000E+00  0.0000E+00  0.0000E+00  0.0000E+00
0.0000E+00  0.0000E+00  0.0000E+00  0.0000E+00  0.0000E+00  0.0000E+00  0.0000E+00  0.0000E+00  0.0000E+00  0.0000E+00  0.0000E+00  0.0000E+00
0.0000E+00  0.0000E+00  0.0000E+00  0.0000E+00  0.0000E+00  0.0000E+00  0.0000E+00  0.0000E+00  0.0000E+00  0.0000E+00  0.0000E+00  0.0000E+00
0.0000E+00  0.0000E+00  0.0000E+00  0.0000E+00  0.0000E+00  0.0000E+00  0.0000E+00  0.0000E+00  0.0000E+00  0.0000E+00  0.0000E+00  0.0000E+00
0.0000E+00  0.0000E+00  0.0000E+00  0.0000E+00  0.0000E+00  0.0000E+00  0.0000E+00  0.0000E+00  0.0000E+00  0.0000E+00  0.0000E+00  0.0000E+00
0.0000E+00  0.0000E+00  0.0000E+00  0.0000E+00  0.0000E+00  0.0000E+00  0.0000E+00  0.0000E+00  0.0000E+00  0.0000E+00  0.0000E+00  0.0000E+00


Layer6 = 

c = 
1.1503E+11  3.0771E+10  0.0000E+00  0.0000E+00  0.0000E+00
3.0771E+10  1.1503E+11  0.0000E+00  0.0000E+00  0.0000E+00
0.0000E+00  0.0000E+00  3.9900E+10  0.0000E+00  0.0000E+00
0.0000E+00  0.0000E+00  0.0000E+00  3.4583E+10  0.0000E+00
0.0000E+00  0.0000E+00  0.0000E+00  0.0000E+00  3.4583E+10

eM = 
0.0000E+00  0.0000E+00  0.0000E+00  0.0000E+00  0.0000E+00
0.0000E+00  0.0000E+00  0.0000E+00  0.0000E+00  0.0000E+00
0.0000E+00  0.0000E+00  0.0000E+00  0.0000E+00  0.0000E+00
0.0000E+00  0.0000E+00  0.0000E+00  0.0000E+00  0.0000E+00
0.0000E+00  0.0000E+00  0.0000E+00  0.0000E+00  0.0000E+00
-5.1410E+00  -5.1410E+00  0.0000E+00  0.0000E+00  0.0000E+00
0.0000E+00  0.0000E+00  0.0000E+00  0.0000E+00  0.0000E+00
0.0000E+00  0.0000E+00  0.0000E+00  0.0000E+00  0.0000E+00
0.0000E+00  0.0000E+00  0.0000E+00  0.0000E+00  0.0000E+00
0.0000E+00  0.0000E+00  0.0000E+00  0.0000E+00  0.0000E+00
0.0000E+00  0.0000E+00  0.0000E+00  0.0000E+00  0.0000E+00
0.0000E+00  0.0000E+00  0.0000E+00  0.0000E+00  0.0000E+00

gM = 
0.0000E+00  0.0000E+00  0.0000E+00  0.0000E+00  0.0000E+00  0.0000E+00  0.0000E+00  0.0000E+00  0.0000E+00  0.0000E+00  0.0000E+00  0.0000E+00
0.0000E+00  0.0000E+00  0.0000E+00  0.0000E+00  0.0000E+00  0.0000E+00  0.0000E+00  0.0000E+00  0.0000E+00  0.0000E+00  0.0000E+00  0.0000E+00
0.0000E+00  0.0000E+00  0.0000E+00  0.0000E+00  0.0000E+00  0.0000E+00  0.0000E+00  0.0000E+00  0.0000E+00  0.0000E+00  0.0000E+00  0.0000E+00
0.0000E+00  0.0000E+00  0.0000E+00  0.0000E+00  0.0000E+00  0.0000E+00  0.0000E+00  0.0000E+00  0.0000E+00  0.0000E+00  0.0000E+00  0.0000E+00
0.0000E+00  0.0000E+00  0.0000E+00  0.0000E+00  0.0000E+00  0.0000E+00  0.0000E+00  0.0000E+00  0.0000E+00  0.0000E+00  0.0000E+00  0.0000E+00
0.0000E+00  0.0000E+00  0.0000E+00  0.0000E+00  0.0000E+00  6.1795E-09  0.0000E+00  0.0000E+00  0.0000E+00  0.0000E+00  0.0000E+00  0.0000E+00
0.0000E+00  0.0000E+00  0.0000E+00  0.0000E+00  0.0000E+00  0.0000E+00  0.0000E+00  0.0000E+00  0.0000E+00  0.0000E+00  0.0000E+00  0.0000E+00
0.0000E+00  0.0000E+00  0.0000E+00  0.0000E+00  0.0000E+00  0.0000E+00  0.0000E+00  0.0000E+00  0.0000E+00  0.0000E+00  0.0000E+00  0.0000E+00
0.0000E+00  0.0000E+00  0.0000E+00  0.0000E+00  0.0000E+00  0.0000E+00  0.0000E+00  0.0000E+00  0.0000E+00  0.0000E+00  0.0000E+00  0.0000E+00
0.0000E+00  0.0000E+00  0.0000E+00  0.0000E+00  0.0000E+00  0.0000E+00  0.0000E+00  0.0000E+00  0.0000E+00  0.0000E+00  0.0000E+00  0.0000E+00
0.0000E+00  0.0000E+00  0.0000E+00  0.0000E+00  0.0000E+00  0.0000E+00  0.0000E+00  0.0000E+00  0.0000E+00  0.0000E+00  0.0000E+00  0.0000E+00
0.0000E+00  0.0000E+00  0.0000E+00  0.0000E+00  0.0000E+00  0.0000E+00  0.0000E+00  0.0000E+00  0.0000E+00  0.0000E+00  0.0000E+00  0.0000E+00

q = 
0.0000E+00  0.0000E+00  0.0000E+00  0.0000E+00  0.0000E+00
0.0000E+00  0.0000E+00  0.0000E+00  0.0000E+00  0.0000E+00
0.0000E+00  0.0000E+00  0.0000E+00  0.0000E+00  0.0000E+00
0.0000E+00  0.0000E+00  0.0000E+00  0.0000E+00  0.0000E+00
0.0000E+00  0.0000E+00  0.0000E+00  0.0000E+00  0.0000E+00
4.9610E+01  4.9610E+01  0.0000E+00  0.0000E+00  0.0000E+00
0.0000E+00  0.0000E+00  0.0000E+00  0.0000E+00  0.0000E+00
0.0000E+00  0.0000E+00  0.0000E+00  0.0000E+00  0.0000E+00
0.0000E+00  0.0000E+00  0.0000E+00  0.0000E+00  0.0000E+00
0.0000E+00  0.0000E+00  0.0000E+00  0.0000E+00  0.0000E+00
0.0000E+00  0.0000E+00  0.0000E+00  0.0000E+00  0.0000E+00
0.0000E+00  0.0000E+00  0.0000E+00  0.0000E+00  0.0000E+00

Alphat = 
1.0520E-05  1.0520E-05  0.0000E+00  0.0000E+00  0.0000E+00  
PyroE = 
0.0000E+00

PyroM = 
0.0000E+00

HC = 
2.3090E+00

k = 
0.0000E+00  0.0000E+00  0.0000E+00  0.0000E+00  0.0000E+00  0.0000E+00  0.0000E+00  0.0000E+00  0.0000E+00  0.0000E+00  0.0000E+00  0.0000E+00
0.0000E+00  0.0000E+00  0.0000E+00  0.0000E+00  0.0000E+00  0.0000E+00  0.0000E+00  0.0000E+00  0.0000E+00  0.0000E+00  0.0000E+00  0.0000E+00
0.0000E+00  0.0000E+00  0.0000E+00  0.0000E+00  0.0000E+00  0.0000E+00  0.0000E+00  0.0000E+00  0.0000E+00  0.0000E+00  0.0000E+00  0.0000E+00
0.0000E+00  0.0000E+00  0.0000E+00  0.0000E+00  0.0000E+00  0.0000E+00  0.0000E+00  0.0000E+00  0.0000E+00  0.0000E+00  0.0000E+00  0.0000E+00
0.0000E+00  0.0000E+00  0.0000E+00  0.0000E+00  0.0000E+00  0.0000E+00  0.0000E+00  0.0000E+00  0.0000E+00  0.0000E+00  0.0000E+00  0.0000E+00
0.0000E+00  0.0000E+00  0.0000E+00  0.0000E+00  0.0000E+00  0.0000E+00  0.0000E+00  0.0000E+00  0.0000E+00  0.0000E+00  0.0000E+00  0.0000E+00
0.0000E+00  0.0000E+00  0.0000E+00  0.0000E+00  0.0000E+00  0.0000E+00  0.0000E+00  0.0000E+00  0.0000E+00  0.0000E+00  0.0000E+00  0.0000E+00
0.0000E+00  0.0000E+00  0.0000E+00  0.0000E+00  0.0000E+00  0.0000E+00  0.0000E+00  0.0000E+00  0.0000E+00  0.0000E+00  0.0000E+00  0.0000E+00
0.0000E+00  0.0000E+00  0.0000E+00  0.0000E+00  0.0000E+00  0.0000E+00  0.0000E+00  0.0000E+00  0.0000E+00  0.0000E+00  0.0000E+00  0.0000E+00
0.0000E+00  0.0000E+00  0.0000E+00  0.0000E+00  0.0000E+00  0.0000E+00  0.0000E+00  0.0000E+00  0.0000E+00  0.0000E+00  0.0000E+00  0.0000E+00
0.0000E+00  0.0000E+00  0.0000E+00  0.0000E+00  0.0000E+00  0.0000E+00  0.0000E+00  0.0000E+00  0.0000E+00  0.0000E+00  0.0000E+00  0.0000E+00
0.0000E+00  0.0000E+00  0.0000E+00  0.0000E+00  0.0000E+00  0.0000E+00  0.0000E+00  0.0000E+00  0.0000E+00  0.0000E+00  0.0000E+00  0.0000E+00

r = 
0.0000E+00  0.0000E+00  0.0000E+00  0.0000E+00  0.0000E+00  0.0000E+00  0.0000E+00  0.0000E+00  0.0000E+00  0.0000E+00  0.0000E+00  0.0000E+00
0.0000E+00  0.0000E+00  0.0000E+00  0.0000E+00  0.0000E+00  0.0000E+00  0.0000E+00  0.0000E+00  0.0000E+00  0.0000E+00  0.0000E+00  0.0000E+00
0.0000E+00  0.0000E+00  0.0000E+00  0.0000E+00  0.0000E+00  0.0000E+00  0.0000E+00  0.0000E+00  0.0000E+00  0.0000E+00  0.0000E+00  0.0000E+00
0.0000E+00  0.0000E+00  0.0000E+00  0.0000E+00  0.0000E+00  0.0000E+00  0.0000E+00  0.0000E+00  0.0000E+00  0.0000E+00  0.0000E+00  0.0000E+00
0.0000E+00  0.0000E+00  0.0000E+00  0.0000E+00  0.0000E+00  0.0000E+00  0.0000E+00  0.0000E+00  0.0000E+00  0.0000E+00  0.0000E+00  0.0000E+00
0.0000E+00  0.0000E+00  0.0000E+00  0.0000E+00  0.0000E+00  6.0680E-05  0.0000E+00  0.0000E+00  0.0000E+00  0.0000E+00  0.0000E+00  0.0000E+00
0.0000E+00  0.0000E+00  0.0000E+00  0.0000E+00  0.0000E+00  0.0000E+00  0.0000E+00  0.0000E+00  0.0000E+00  0.0000E+00  0.0000E+00  0.0000E+00
0.0000E+00  0.0000E+00  0.0000E+00  0.0000E+00  0.0000E+00  0.0000E+00  0.0000E+00  0.0000E+00  0.0000E+00  0.0000E+00  0.0000E+00  0.0000E+00
0.0000E+00  0.0000E+00  0.0000E+00  0.0000E+00  0.0000E+00  0.0000E+00  0.0000E+00  0.0000E+00  0.0000E+00  0.0000E+00  0.0000E+00  0.0000E+00
0.0000E+00  0.0000E+00  0.0000E+00  0.0000E+00  0.0000E+00  0.0000E+00  0.0000E+00  0.0000E+00  0.0000E+00  0.0000E+00  0.0000E+00  0.0000E+00
0.0000E+00  0.0000E+00  0.0000E+00  0.0000E+00  0.0000E+00  0.0000E+00  0.0000E+00  0.0000E+00  0.0000E+00  0.0000E+00  0.0000E+00  0.0000E+00
0.0000E+00  0.0000E+00  0.0000E+00  0.0000E+00  0.0000E+00  0.0000E+00  0.0000E+00  0.0000E+00  0.0000E+00  0.0000E+00  0.0000E+00  0.0000E+00


Layer7 = 

c = 
1.1882E+11  3.2379E+10  0.0000E+00  0.0000E+00  0.0000E+00
3.2379E+10  1.1882E+11  0.0000E+00  0.0000E+00  0.0000E+00
0.0000E+00  0.0000E+00  4.0900E+10  0.0000E+00  0.0000E+00
0.0000E+00  0.0000E+00  0.0000E+00  3.4625E+10  0.0000E+00
0.0000E+00  0.0000E+00  0.0000E+00  0.0000E+00  3.4625E+10

eM = 
0.0000E+00  0.0000E+00  0.0000E+00  0.0000E+00  0.0000E+00
0.0000E+00  0.0000E+00  0.0000E+00  0.0000E+00  0.0000E+00
0.0000E+00  0.0000E+00  0.0000E+00  0.0000E+00  0.0000E+00
0.0000E+00  0.0000E+00  0.0000E+00  0.0000E+00  0.0000E+00
0.0000E+00  0.0000E+00  0.0000E+00  0.0000E+00  0.0000E+00
0.0000E+00  0.0000E+00  0.0000E+00  0.0000E+00  0.0000E+00
-4.3259E+00  -4.3259E+00  0.0000E+00  0.0000E+00  0.0000E+00
0.0000E+00  0.0000E+00  0.0000E+00  0.0000E+00  0.0000E+00
0.0000E+00  0.0000E+00  0.0000E+00  0.0000E+00  0.0000E+00
0.0000E+00  0.0000E+00  0.0000E+00  0.0000E+00  0.0000E+00
0.0000E+00  0.0000E+00  0.0000E+00  0.0000E+00  0.0000E+00
0.0000E+00  0.0000E+00  0.0000E+00  0.0000E+00  0.0000E+00

gM = 
0.0000E+00  0.0000E+00  0.0000E+00  0.0000E+00  0.0000E+00  0.0000E+00  0.0000E+00  0.0000E+00  0.0000E+00  0.0000E+00  0.0000E+00  0.0000E+00
0.0000E+00  0.0000E+00  0.0000E+00  0.0000E+00  0.0000E+00  0.0000E+00  0.0000E+00  0.0000E+00  0.0000E+00  0.0000E+00  0.0000E+00  0.0000E+00
0.0000E+00  0.0000E+00  0.0000E+00  0.0000E+00  0.0000E+00  0.0000E+00  0.0000E+00  0.0000E+00  0.0000E+00  0.0000E+00  0.0000E+00  0.0000E+00
0.0000E+00  0.0000E+00  0.0000E+00  0.0000E+00  0.0000E+00  0.0000E+00  0.0000E+00  0.0000E+00  0.0000E+00  0.0000E+00  0.0000E+00  0.0000E+00
0.0000E+00  0.0000E+00  0.0000E+00  0.0000E+00  0.0000E+00  0.0000E+00  0.0000E+00  0.0000E+00  0.0000E+00  0.0000E+00  0.0000E+00  0.0000E+00
0.0000E+00  0.0000E+00  0.0000E+00  0.0000E+00  0.0000E+00  0.0000E+00  0.0000E+00  0.0000E+00  0.0000E+00  0.0000E+00  0.0000E+00  0.0000E+00
0.0000E+00  0.0000E+00  0.0000E+00  0.0000E+00  0.0000E+00  0.0000E+00  5.0735E-09  0.0000E+00  0.0000E+00  0.0000E+00  0.0000E+00  0.0000E+00
0.0000E+00  0.0000E+00  0.0000E+00  0.0000E+00  0.0000E+00  0.0000E+00  0.0000E+00  0.0000E+00  0.0000E+00  0.0000E+00  0.0000E+00  0.0000E+00
0.0000E+00  0.0000E+00  0.0000E+00  0.0000E+00  0.0000E+00  0.0000E+00  0.0000E+00  0.0000E+00  0.0000E+00  0.0000E+00  0.0000E+00  0.0000E+00
0.0000E+00  0.0000E+00  0.0000E+00  0.0000E+00  0.0000E+00  0.0000E+00  0.0000E+00  0.0000E+00  0.0000E+00  0.0000E+00  0.0000E+00  0.0000E+00
0.0000E+00  0.0000E+00  0.0000E+00  0.0000E+00  0.0000E+00  0.0000E+00  0.0000E+00  0.0000E+00  0.0000E+00  0.0000E+00  0.0000E+00  0.0000E+00
0.0000E+00  0.0000E+00  0.0000E+00  0.0000E+00  0.0000E+00  0.0000E+00  0.0000E+00  0.0000E+00  0.0000E+00  0.0000E+00  0.0000E+00  0.0000E+00

q = 
0.0000E+00  0.0000E+00  0.0000E+00  0.0000E+00  0.0000E+00
0.0000E+00  0.0000E+00  0.0000E+00  0.0000E+00  0.0000E+00
0.0000E+00  0.0000E+00  0.0000E+00  0.0000E+00  0.0000E+00
0.0000E+00  0.0000E+00  0.0000E+00  0.0000E+00  0.0000E+00
0.0000E+00  0.0000E+00  0.0000E+00  0.0000E+00  0.0000E+00
0.0000E+00  0.0000E+00  0.0000E+00  0.0000E+00  0.0000E+00
6.1150E+01  6.1150E+01  0.0000E+00  0.0000E+00  0.0000E+00
0.0000E+00  0.0000E+00  0.0000E+00  0.0000E+00  0.0000E+00
0.0000E+00  0.0000E+00  0.0000E+00  0.0000E+00  0.0000E+00
0.0000E+00  0.0000E+00  0.0000E+00  0.0000E+00  0.0000E+00
0.0000E+00  0.0000E+00  0.0000E+00  0.0000E+00  0.0000E+00
0.0000E+00  0.0000E+00  0.0000E+00  0.0000E+00  0.0000E+00

Alphat = 
1.0040E-05  1.0040E-05  0.0000E+00  0.0000E+00  0.0000E+00  
PyroE = 
0.0000E+00

PyroM = 
0.0000E+00

HC = 
2.2510E+00

k = 
0.0000E+00  0.0000E+00  0.0000E+00  0.0000E+00  0.0000E+00  0.0000E+00  0.0000E+00  0.0000E+00  0.0000E+00  0.0000E+00  0.0000E+00  0.0000E+00
0.0000E+00  0.0000E+00  0.0000E+00  0.0000E+00  0.0000E+00  0.0000E+00  0.0000E+00  0.0000E+00  0.0000E+00  0.0000E+00  0.0000E+00  0.0000E+00
0.0000E+00  0.0000E+00  0.0000E+00  0.0000E+00  0.0000E+00  0.0000E+00  0.0000E+00  0.0000E+00  0.0000E+00  0.0000E+00  0.0000E+00  0.0000E+00
0.0000E+00  0.0000E+00  0.0000E+00  0.0000E+00  0.0000E+00  0.0000E+00  0.0000E+00  0.0000E+00  0.0000E+00  0.0000E+00  0.0000E+00  0.0000E+00
0.0000E+00  0.0000E+00  0.0000E+00  0.0000E+00  0.0000E+00  0.0000E+00  0.0000E+00  0.0000E+00  0.0000E+00  0.0000E+00  0.0000E+00  0.0000E+00
0.0000E+00  0.0000E+00  0.0000E+00  0.0000E+00  0.0000E+00  0.0000E+00  0.0000E+00  0.0000E+00  0.0000E+00  0.0000E+00  0.0000E+00  0.0000E+00
0.0000E+00  0.0000E+00  0.0000E+00  0.0000E+00  0.0000E+00  0.0000E+00  0.0000E+00  0.0000E+00  0.0000E+00  0.0000E+00  0.0000E+00  0.0000E+00
0.0000E+00  0.0000E+00  0.0000E+00  0.0000E+00  0.0000E+00  0.0000E+00  0.0000E+00  0.0000E+00  0.0000E+00  0.0000E+00  0.0000E+00  0.0000E+00
0.0000E+00  0.0000E+00  0.0000E+00  0.0000E+00  0.0000E+00  0.0000E+00  0.0000E+00  0.0000E+00  0.0000E+00  0.0000E+00  0.0000E+00  0.0000E+00
0.0000E+00  0.0000E+00  0.0000E+00  0.0000E+00  0.0000E+00  0.0000E+00  0.0000E+00  0.0000E+00  0.0000E+00  0.0000E+00  0.0000E+00  0.0000E+00
0.0000E+00  0.0000E+00  0.0000E+00  0.0000E+00  0.0000E+00  0.0000E+00  0.0000E+00  0.0000E+00  0.0000E+00  0.0000E+00  0.0000E+00  0.0000E+00
0.0000E+00  0.0000E+00  0.0000E+00  0.0000E+00  0.0000E+00  0.0000E+00  0.0000E+00  0.0000E+00  0.0000E+00  0.0000E+00  0.0000E+00  0.0000E+00

r = 
0.0000E+00  0.0000E+00  0.0000E+00  0.0000E+00  0.0000E+00  0.0000E+00  0.0000E+00  0.0000E+00  0.0000E+00  0.0000E+00  0.0000E+00  0.0000E+00
0.0000E+00  0.0000E+00  0.0000E+00  0.0000E+00  0.0000E+00  0.0000E+00  0.0000E+00  0.0000E+00  0.0000E+00  0.0000E+00  0.0000E+00  0.0000E+00
0.0000E+00  0.0000E+00  0.0000E+00  0.0000E+00  0.0000E+00  0.0000E+00  0.0000E+00  0.0000E+00  0.0000E+00  0.0000E+00  0.0000E+00  0.0000E+00
0.0000E+00  0.0000E+00  0.0000E+00  0.0000E+00  0.0000E+00  0.0000E+00  0.0000E+00  0.0000E+00  0.0000E+00  0.0000E+00  0.0000E+00  0.0000E+00
0.0000E+00  0.0000E+00  0.0000E+00  0.0000E+00  0.0000E+00  0.0000E+00  0.0000E+00  0.0000E+00  0.0000E+00  0.0000E+00  0.0000E+00  0.0000E+00
0.0000E+00  0.0000E+00  0.0000E+00  0.0000E+00  0.0000E+00  0.0000E+00  0.0000E+00  0.0000E+00  0.0000E+00  0.0000E+00  0.0000E+00  0.0000E+00
0.0000E+00  0.0000E+00  0.0000E+00  0.0000E+00  0.0000E+00  0.0000E+00  7.2930E-05  0.0000E+00  0.0000E+00  0.0000E+00  0.0000E+00  0.0000E+00
0.0000E+00  0.0000E+00  0.0000E+00  0.0000E+00  0.0000E+00  0.0000E+00  0.0000E+00  0.0000E+00  0.0000E+00  0.0000E+00  0.0000E+00  0.0000E+00
0.0000E+00  0.0000E+00  0.0000E+00  0.0000E+00  0.0000E+00  0.0000E+00  0.0000E+00  0.0000E+00  0.0000E+00  0.0000E+00  0.0000E+00  0.0000E+00
0.0000E+00  0.0000E+00  0.0000E+00  0.0000E+00  0.0000E+00  0.0000E+00  0.0000E+00  0.0000E+00  0.0000E+00  0.0000E+00  0.0000E+00  0.0000E+00
0.0000E+00  0.0000E+00  0.0000E+00  0.0000E+00  0.0000E+00  0.0000E+00  0.0000E+00  0.0000E+00  0.0000E+00  0.0000E+00  0.0000E+00  0.0000E+00
0.0000E+00  0.0000E+00  0.0000E+00  0.0000E+00  0.0000E+00  0.0000E+00  0.0000E+00  0.0000E+00  0.0000E+00  0.0000E+00  0.0000E+00  0.0000E+00


Layer8 = 

c = 
1.2254E+11  3.4018E+10  0.0000E+00  0.0000E+00  0.0000E+00
3.4018E+10  1.2254E+11  0.0000E+00  0.0000E+00  0.0000E+00
0.0000E+00  0.0000E+00  4.1900E+10  0.0000E+00  0.0000E+00
0.0000E+00  0.0000E+00  0.0000E+00  3.4667E+10  0.0000E+00
0.0000E+00  0.0000E+00  0.0000E+00  0.0000E+00  3.4667E+10

eM = 
0.0000E+00  0.0000E+00  0.0000E+00  0.0000E+00  0.0000E+00
0.0000E+00  0.0000E+00  0.0000E+00  0.0000E+00  0.0000E+00
0.0000E+00  0.0000E+00  0.0000E+00  0.0000E+00  0.0000E+00
0.0000E+00  0.0000E+00  0.0000E+00  0.0000E+00  0.0000E+00
0.0000E+00  0.0000E+00  0.0000E+00  0.0000E+00  0.0000E+00
0.0000E+00  0.0000E+00  0.0000E+00  0.0000E+00  0.0000E+00
0.0000E+00  0.0000E+00  0.0000E+00  0.0000E+00  0.0000E+00
-3.4381E+00  -3.4381E+00  0.0000E+00  0.0000E+00  0.0000E+00
0.0000E+00  0.0000E+00  0.0000E+00  0.0000E+00  0.0000E+00
0.0000E+00  0.0000E+00  0.0000E+00  0.0000E+00  0.0000E+00
0.0000E+00  0.0000E+00  0.0000E+00  0.0000E+00  0.0000E+00
0.0000E+00  0.0000E+00  0.0000E+00  0.0000E+00  0.0000E+00

gM = 
0.0000E+00  0.0000E+00  0.0000E+00  0.0000E+00  0.0000E+00  0.0000E+00  0.0000E+00  0.0000E+00  0.0000E+00  0.0000E+00  0.0000E+00  0.0000E+00
0.0000E+00  0.0000E+00  0.0000E+00  0.0000E+00  0.0000E+00  0.0000E+00  0.0000E+00  0.0000E+00  0.0000E+00  0.0000E+00  0.0000E+00  0.0000E+00
0.0000E+00  0.0000E+00  0.0000E+00  0.0000E+00  0.0000E+00  0.0000E+00  0.0000E+00  0.0000E+00  0.0000E+00  0.0000E+00  0.0000E+00  0.0000E+00
0.0000E+00  0.0000E+00  0.0000E+00  0.0000E+00  0.0000E+00  0.0000E+00  0.0000E+00  0.0000E+00  0.0000E+00  0.0000E+00  0.0000E+00  0.0000E+00
0.0000E+00  0.0000E+00  0.0000E+00  0.0000E+00  0.0000E+00  0.0000E+00  0.0000E+00  0.0000E+00  0.0000E+00  0.0000E+00  0.0000E+00  0.0000E+00
0.0000E+00  0.0000E+00  0.0000E+00  0.0000E+00  0.0000E+00  0.0000E+00  0.0000E+00  0.0000E+00  0.0000E+00  0.0000E+00  0.0000E+00  0.0000E+00
0.0000E+00  0.0000E+00  0.0000E+00  0.0000E+00  0.0000E+00  0.0000E+00  0.0000E+00  0.0000E+00  0.0000E+00  0.0000E+00  0.0000E+00  0.0000E+00
0.0000E+00  0.0000E+00  0.0000E+00  0.0000E+00  0.0000E+00  0.0000E+00  0.0000E+00  3.9500E-09  0.0000E+00  0.0000E+00  0.0000E+00  0.0000E+00
0.0000E+00  0.0000E+00  0.0000E+00  0.0000E+00  0.0000E+00  0.0000E+00  0.0000E+00  0.0000E+00  0.0000E+00  0.0000E+00  0.0000E+00  0.0000E+00
0.0000E+00  0.0000E+00  0.0000E+00  0.0000E+00  0.0000E+00  0.0000E+00  0.0000E+00  0.0000E+00  0.0000E+00  0.0000E+00  0.0000E+00  0.0000E+00
0.0000E+00  0.0000E+00  0.0000E+00  0.0000E+00  0.0000E+00  0.0000E+00  0.0000E+00  0.0000E+00  0.0000E+00  0.0000E+00  0.0000E+00  0.0000E+00
0.0000E+00  0.0000E+00  0.0000E+00  0.0000E+00  0.0000E+00  0.0000E+00  0.0000E+00  0.0000E+00  0.0000E+00  0.0000E+00  0.0000E+00  0.0000E+00

q = 
0.0000E+00  0.0000E+00  0.0000E+00  0.0000E+00  0.0000E+00
0.0000E+00  0.0000E+00  0.0000E+00  0.0000E+00  0.0000E+00
0.0000E+00  0.0000E+00  0.0000E+00  0.0000E+00  0.0000E+00
0.0000E+00  0.0000E+00  0.0000E+00  0.0000E+00  0.0000E+00
0.0000E+00  0.0000E+00  0.0000E+00  0.0000E+00  0.0000E+00
0.0000E+00  0.0000E+00  0.0000E+00  0.0000E+00  0.0000E+00
0.0000E+00  0.0000E+00  0.0000E+00  0.0000E+00  0.0000E+00
7.2680E+01  7.2680E+01  0.0000E+00  0.0000E+00  0.0000E+00
0.0000E+00  0.0000E+00  0.0000E+00  0.0000E+00  0.0000E+00
0.0000E+00  0.0000E+00  0.0000E+00  0.0000E+00  0.0000E+00
0.0000E+00  0.0000E+00  0.0000E+00  0.0000E+00  0.0000E+00
0.0000E+00  0.0000E+00  0.0000E+00  0.0000E+00  0.0000E+00

Alphat = 
9.5680E-06  9.5680E-06  0.0000E+00  0.0000E+00  0.0000E+00  
PyroE = 
0.0000E+00

PyroM = 
0.0000E+00

HC = 
2.1930E+00

k = 
0.0000E+00  0.0000E+00  0.0000E+00  0.0000E+00  0.0000E+00  0.0000E+00  0.0000E+00  0.0000E+00  0.0000E+00  0.0000E+00  0.0000E+00  0.0000E+00
0.0000E+00  0.0000E+00  0.0000E+00  0.0000E+00  0.0000E+00  0.0000E+00  0.0000E+00  0.0000E+00  0.0000E+00  0.0000E+00  0.0000E+00  0.0000E+00
0.0000E+00  0.0000E+00  0.0000E+00  0.0000E+00  0.0000E+00  0.0000E+00  0.0000E+00  0.0000E+00  0.0000E+00  0.0000E+00  0.0000E+00  0.0000E+00
0.0000E+00  0.0000E+00  0.0000E+00  0.0000E+00  0.0000E+00  0.0000E+00  0.0000E+00  0.0000E+00  0.0000E+00  0.0000E+00  0.0000E+00  0.0000E+00
0.0000E+00  0.0000E+00  0.0000E+00  0.0000E+00  0.0000E+00  0.0000E+00  0.0000E+00  0.0000E+00  0.0000E+00  0.0000E+00  0.0000E+00  0.0000E+00
0.0000E+00  0.0000E+00  0.0000E+00  0.0000E+00  0.0000E+00  0.0000E+00  0.0000E+00  0.0000E+00  0.0000E+00  0.0000E+00  0.0000E+00  0.0000E+00
0.0000E+00  0.0000E+00  0.0000E+00  0.0000E+00  0.0000E+00  0.0000E+00  0.0000E+00  0.0000E+00  0.0000E+00  0.0000E+00  0.0000E+00  0.0000E+00
0.0000E+00  0.0000E+00  0.0000E+00  0.0000E+00  0.0000E+00  0.0000E+00  0.0000E+00  0.0000E+00  0.0000E+00  0.0000E+00  0.0000E+00  0.0000E+00
0.0000E+00  0.0000E+00  0.0000E+00  0.0000E+00  0.0000E+00  0.0000E+00  0.0000E+00  0.0000E+00  0.0000E+00  0.0000E+00  0.0000E+00  0.0000E+00
0.0000E+00  0.0000E+00  0.0000E+00  0.0000E+00  0.0000E+00  0.0000E+00  0.0000E+00  0.0000E+00  0.0000E+00  0.0000E+00  0.0000E+00  0.0000E+00
0.0000E+00  0.0000E+00  0.0000E+00  0.0000E+00  0.0000E+00  0.0000E+00  0.0000E+00  0.0000E+00  0.0000E+00  0.0000E+00  0.0000E+00  0.0000E+00
0.0000E+00  0.0000E+00  0.0000E+00  0.0000E+00  0.0000E+00  0.0000E+00  0.0000E+00  0.0000E+00  0.0000E+00  0.0000E+00  0.0000E+00  0.0000E+00

r = 
0.0000E+00  0.0000E+00  0.0000E+00  0.0000E+00  0.0000E+00  0.0000E+00  0.0000E+00  0.0000E+00  0.0000E+00  0.0000E+00  0.0000E+00  0.0000E+00
0.0000E+00  0.0000E+00  0.0000E+00  0.0000E+00  0.0000E+00  0.0000E+00  0.0000E+00  0.0000E+00  0.0000E+00  0.0000E+00  0.0000E+00  0.0000E+00
0.0000E+00  0.0000E+00  0.0000E+00  0.0000E+00  0.0000E+00  0.0000E+00  0.0000E+00  0.0000E+00  0.0000E+00  0.0000E+00  0.0000E+00  0.0000E+00
0.0000E+00  0.0000E+00  0.0000E+00  0.0000E+00  0.0000E+00  0.0000E+00  0.0000E+00  0.0000E+00  0.0000E+00  0.0000E+00  0.0000E+00  0.0000E+00
0.0000E+00  0.0000E+00  0.0000E+00  0.0000E+00  0.0000E+00  0.0000E+00  0.0000E+00  0.0000E+00  0.0000E+00  0.0000E+00  0.0000E+00  0.0000E+00
0.0000E+00  0.0000E+00  0.0000E+00  0.0000E+00  0.0000E+00  0.0000E+00  0.0000E+00  0.0000E+00  0.0000E+00  0.0000E+00  0.0000E+00  0.0000E+00
0.0000E+00  0.0000E+00  0.0000E+00  0.0000E+00  0.0000E+00  0.0000E+00  0.0000E+00  0.0000E+00  0.0000E+00  0.0000E+00  0.0000E+00  0.0000E+00
0.0000E+00  0.0000E+00  0.0000E+00  0.0000E+00  0.0000E+00  0.0000E+00  0.0000E+00  8.5180E-05  0.0000E+00  0.0000E+00  0.0000E+00  0.0000E+00
0.0000E+00  0.0000E+00  0.0000E+00  0.0000E+00  0.0000E+00  0.0000E+00  0.0000E+00  0.0000E+00  0.0000E+00  0.0000E+00  0.0000E+00  0.0000E+00
0.0000E+00  0.0000E+00  0.0000E+00  0.0000E+00  0.0000E+00  0.0000E+00  0.0000E+00  0.0000E+00  0.0000E+00  0.0000E+00  0.0000E+00  0.0000E+00
0.0000E+00  0.0000E+00  0.0000E+00  0.0000E+00  0.0000E+00  0.0000E+00  0.0000E+00  0.0000E+00  0.0000E+00  0.0000E+00  0.0000E+00  0.0000E+00
0.0000E+00  0.0000E+00  0.0000E+00  0.0000E+00  0.0000E+00  0.0000E+00  0.0000E+00  0.0000E+00  0.0000E+00  0.0000E+00  0.0000E+00  0.0000E+00


Layer9 = 

c = 
1.2640E+11  3.5734E+10  0.0000E+00  0.0000E+00  0.0000E+00
3.5734E+10  1.2640E+11  0.0000E+00  0.0000E+00  0.0000E+00
0.0000E+00  0.0000E+00  4.2900E+10  0.0000E+00  0.0000E+00
0.0000E+00  0.0000E+00  0.0000E+00  3.4708E+10  0.0000E+00
0.0000E+00  0.0000E+00  0.0000E+00  0.0000E+00  3.4708E+10

eM = 
0.0000E+00  0.0000E+00  0.0000E+00  0.0000E+00  0.0000E+00
0.0000E+00  0.0000E+00  0.0000E+00  0.0000E+00  0.0000E+00
0.0000E+00  0.0000E+00  0.0000E+00  0.0000E+00  0.0000E+00
0.0000E+00  0.0000E+00  0.0000E+00  0.0000E+00  0.0000E+00
0.0000E+00  0.0000E+00  0.0000E+00  0.0000E+00  0.0000E+00
0.0000E+00  0.0000E+00  0.0000E+00  0.0000E+00  0.0000E+00
0.0000E+00  0.0000E+00  0.0000E+00  0.0000E+00  0.0000E+00
0.0000E+00  0.0000E+00  0.0000E+00  0.0000E+00  0.0000E+00
-2.4807E+00  -2.4807E+00  0.0000E+00  0.0000E+00  0.0000E+00
0.0000E+00  0.0000E+00  0.0000E+00  0.0000E+00  0.0000E+00
0.0000E+00  0.0000E+00  0.0000E+00  0.0000E+00  0.0000E+00
0.0000E+00  0.0000E+00  0.0000E+00  0.0000E+00  0.0000E+00

gM = 
0.0000E+00  0.0000E+00  0.0000E+00  0.0000E+00  0.0000E+00  0.0000E+00  0.0000E+00  0.0000E+00  0.0000E+00  0.0000E+00  0.0000E+00  0.0000E+00
0.0000E+00  0.0000E+00  0.0000E+00  0.0000E+00  0.0000E+00  0.0000E+00  0.0000E+00  0.0000E+00  0.0000E+00  0.0000E+00  0.0000E+00  0.0000E+00
0.0000E+00  0.0000E+00  0.0000E+00  0.0000E+00  0.0000E+00  0.0000E+00  0.0000E+00  0.0000E+00  0.0000E+00  0.0000E+00  0.0000E+00  0.0000E+00
0.0000E+00  0.0000E+00  0.0000E+00  0.0000E+00  0.0000E+00  0.0000E+00  0.0000E+00  0.0000E+00  0.0000E+00  0.0000E+00  0.0000E+00  0.0000E+00
0.0000E+00  0.0000E+00  0.0000E+00  0.0000E+00  0.0000E+00  0.0000E+00  0.0000E+00  0.0000E+00  0.0000E+00  0.0000E+00  0.0000E+00  0.0000E+00
0.0000E+00  0.0000E+00  0.0000E+00  0.0000E+00  0.0000E+00  0.0000E+00  0.0000E+00  0.0000E+00  0.0000E+00  0.0000E+00  0.0000E+00  0.0000E+00
0.0000E+00  0.0000E+00  0.0000E+00  0.0000E+00  0.0000E+00  0.0000E+00  0.0000E+00  0.0000E+00  0.0000E+00  0.0000E+00  0.0000E+00  0.0000E+00
0.0000E+00  0.0000E+00  0.0000E+00  0.0000E+00  0.0000E+00  0.0000E+00  0.0000E+00  0.0000E+00  0.0000E+00  0.0000E+00  0.0000E+00  0.0000E+00
0.0000E+00  0.0000E+00  0.0000E+00  0.0000E+00  0.0000E+00  0.0000E+00  0.0000E+00  0.0000E+00  2.8051E-09  0.0000E+00  0.0000E+00  0.0000E+00
0.0000E+00  0.0000E+00  0.0000E+00  0.0000E+00  0.0000E+00  0.0000E+00  0.0000E+00  0.0000E+00  0.0000E+00  0.0000E+00  0.0000E+00  0.0000E+00
0.0000E+00  0.0000E+00  0.0000E+00  0.0000E+00  0.0000E+00  0.0000E+00  0.0000E+00  0.0000E+00  0.0000E+00  0.0000E+00  0.0000E+00  0.0000E+00
0.0000E+00  0.0000E+00  0.0000E+00  0.0000E+00  0.0000E+00  0.0000E+00  0.0000E+00  0.0000E+00  0.0000E+00  0.0000E+00  0.0000E+00  0.0000E+00

q = 
0.0000E+00  0.0000E+00  0.0000E+00  0.0000E+00  0.0000E+00
0.0000E+00  0.0000E+00  0.0000E+00  0.0000E+00  0.0000E+00
0.0000E+00  0.0000E+00  0.0000E+00  0.0000E+00  0.0000E+00
0.0000E+00  0.0000E+00  0.0000E+00  0.0000E+00  0.0000E+00
0.0000E+00  0.0000E+00  0.0000E+00  0.0000E+00  0.0000E+00
0.0000E+00  0.0000E+00  0.0000E+00  0.0000E+00  0.0000E+00
0.0000E+00  0.0000E+00  0.0000E+00  0.0000E+00  0.0000E+00
0.0000E+00  0.0000E+00  0.0000E+00  0.0000E+00  0.0000E+00
8.4220E+01  8.4220E+01  0.0000E+00  0.0000E+00  0.0000E+00
0.0000E+00  0.0000E+00  0.0000E+00  0.0000E+00  0.0000E+00
0.0000E+00  0.0000E+00  0.0000E+00  0.0000E+00  0.0000E+00
0.0000E+00  0.0000E+00  0.0000E+00  0.0000E+00  0.0000E+00

Alphat = 
9.0930E-06  9.0930E-06  0.0000E+00  0.0000E+00  0.0000E+00  
PyroE = 
0.0000E+00

PyroM = 
0.0000E+00

HC = 
2.1340E+00

k = 
0.0000E+00  0.0000E+00  0.0000E+00  0.0000E+00  0.0000E+00  0.0000E+00  0.0000E+00  0.0000E+00  0.0000E+00  0.0000E+00  0.0000E+00  0.0000E+00
0.0000E+00  0.0000E+00  0.0000E+00  0.0000E+00  0.0000E+00  0.0000E+00  0.0000E+00  0.0000E+00  0.0000E+00  0.0000E+00  0.0000E+00  0.0000E+00
0.0000E+00  0.0000E+00  0.0000E+00  0.0000E+00  0.0000E+00  0.0000E+00  0.0000E+00  0.0000E+00  0.0000E+00  0.0000E+00  0.0000E+00  0.0000E+00
0.0000E+00  0.0000E+00  0.0000E+00  0.0000E+00  0.0000E+00  0.0000E+00  0.0000E+00  0.0000E+00  0.0000E+00  0.0000E+00  0.0000E+00  0.0000E+00
0.0000E+00  0.0000E+00  0.0000E+00  0.0000E+00  0.0000E+00  0.0000E+00  0.0000E+00  0.0000E+00  0.0000E+00  0.0000E+00  0.0000E+00  0.0000E+00
0.0000E+00  0.0000E+00  0.0000E+00  0.0000E+00  0.0000E+00  0.0000E+00  0.0000E+00  0.0000E+00  0.0000E+00  0.0000E+00  0.0000E+00  0.0000E+00
0.0000E+00  0.0000E+00  0.0000E+00  0.0000E+00  0.0000E+00  0.0000E+00  0.0000E+00  0.0000E+00  0.0000E+00  0.0000E+00  0.0000E+00  0.0000E+00
0.0000E+00  0.0000E+00  0.0000E+00  0.0000E+00  0.0000E+00  0.0000E+00  0.0000E+00  0.0000E+00  0.0000E+00  0.0000E+00  0.0000E+00  0.0000E+00
0.0000E+00  0.0000E+00  0.0000E+00  0.0000E+00  0.0000E+00  0.0000E+00  0.0000E+00  0.0000E+00  0.0000E+00  0.0000E+00  0.0000E+00  0.0000E+00
0.0000E+00  0.0000E+00  0.0000E+00  0.0000E+00  0.0000E+00  0.0000E+00  0.0000E+00  0.0000E+00  0.0000E+00  0.0000E+00  0.0000E+00  0.0000E+00
0.0000E+00  0.0000E+00  0.0000E+00  0.0000E+00  0.0000E+00  0.0000E+00  0.0000E+00  0.0000E+00  0.0000E+00  0.0000E+00  0.0000E+00  0.0000E+00
0.0000E+00  0.0000E+00  0.0000E+00  0.0000E+00  0.0000E+00  0.0000E+00  0.0000E+00  0.0000E+00  0.0000E+00  0.0000E+00  0.0000E+00  0.0000E+00

r = 
0.0000E+00  0.0000E+00  0.0000E+00  0.0000E+00  0.0000E+00  0.0000E+00  0.0000E+00  0.0000E+00  0.0000E+00  0.0000E+00  0.0000E+00  0.0000E+00
0.0000E+00  0.0000E+00  0.0000E+00  0.0000E+00  0.0000E+00  0.0000E+00  0.0000E+00  0.0000E+00  0.0000E+00  0.0000E+00  0.0000E+00  0.0000E+00
0.0000E+00  0.0000E+00  0.0000E+00  0.0000E+00  0.0000E+00  0.0000E+00  0.0000E+00  0.0000E+00  0.0000E+00  0.0000E+00  0.0000E+00  0.0000E+00
0.0000E+00  0.0000E+00  0.0000E+00  0.0000E+00  0.0000E+00  0.0000E+00  0.0000E+00  0.0000E+00  0.0000E+00  0.0000E+00  0.0000E+00  0.0000E+00
0.0000E+00  0.0000E+00  0.0000E+00  0.0000E+00  0.0000E+00  0.0000E+00  0.0000E+00  0.0000E+00  0.0000E+00  0.0000E+00  0.0000E+00  0.0000E+00
0.0000E+00  0.0000E+00  0.0000E+00  0.0000E+00  0.0000E+00  0.0000E+00  0.0000E+00  0.0000E+00  0.0000E+00  0.0000E+00  0.0000E+00  0.0000E+00
0.0000E+00  0.0000E+00  0.0000E+00  0.0000E+00  0.0000E+00  0.0000E+00  0.0000E+00  0.0000E+00  0.0000E+00  0.0000E+00  0.0000E+00  0.0000E+00
0.0000E+00  0.0000E+00  0.0000E+00  0.0000E+00  0.0000E+00  0.0000E+00  0.0000E+00  0.0000E+00  0.0000E+00  0.0000E+00  0.0000E+00  0.0000E+00
0.0000E+00  0.0000E+00  0.0000E+00  0.0000E+00  0.0000E+00  0.0000E+00  0.0000E+00  0.0000E+00  9.7430E-05  0.0000E+00  0.0000E+00  0.0000E+00
0.0000E+00  0.0000E+00  0.0000E+00  0.0000E+00  0.0000E+00  0.0000E+00  0.0000E+00  0.0000E+00  0.0000E+00  0.0000E+00  0.0000E+00  0.0000E+00
0.0000E+00  0.0000E+00  0.0000E+00  0.0000E+00  0.0000E+00  0.0000E+00  0.0000E+00  0.0000E+00  0.0000E+00  0.0000E+00  0.0000E+00  0.0000E+00
0.0000E+00  0.0000E+00  0.0000E+00  0.0000E+00  0.0000E+00  0.0000E+00  0.0000E+00  0.0000E+00  0.0000E+00  0.0000E+00  0.0000E+00  0.0000E+00


Layer10 = 

c = 
1.3028E+11  3.7483E+10  0.0000E+00  0.0000E+00  0.0000E+00
3.7483E+10  1.3028E+11  0.0000E+00  0.0000E+00  0.0000E+00
0.0000E+00  0.0000E+00  4.3900E+10  0.0000E+00  0.0000E+00
0.0000E+00  0.0000E+00  0.0000E+00  3.4750E+10  0.0000E+00
0.0000E+00  0.0000E+00  0.0000E+00  0.0000E+00  3.4750E+10

eM = 
0.0000E+00  0.0000E+00  0.0000E+00  0.0000E+00  0.0000E+00
0.0000E+00  0.0000E+00  0.0000E+00  0.0000E+00  0.0000E+00
0.0000E+00  0.0000E+00  0.0000E+00  0.0000E+00  0.0000E+00
0.0000E+00  0.0000E+00  0.0000E+00  0.0000E+00  0.0000E+00
0.0000E+00  0.0000E+00  0.0000E+00  0.0000E+00  0.0000E+00
0.0000E+00  0.0000E+00  0.0000E+00  0.0000E+00  0.0000E+00
0.0000E+00  0.0000E+00  0.0000E+00  0.0000E+00  0.0000E+00
0.0000E+00  0.0000E+00  0.0000E+00  0.0000E+00  0.0000E+00
0.0000E+00  0.0000E+00  0.0000E+00  0.0000E+00  0.0000E+00
-1.4510E+00  -1.4510E+00  0.0000E+00  0.0000E+00  0.0000E+00
0.0000E+00  0.0000E+00  0.0000E+00  0.0000E+00  0.0000E+00
0.0000E+00  0.0000E+00  0.0000E+00  0.0000E+00  0.0000E+00

gM = 
0.0000E+00  0.0000E+00  0.0000E+00  0.0000E+00  0.0000E+00  0.0000E+00  0.0000E+00  0.0000E+00  0.0000E+00  0.0000E+00  0.0000E+00  0.0000E+00
0.0000E+00  0.0000E+00  0.0000E+00  0.0000E+00  0.0000E+00  0.0000E+00  0.0000E+00  0.0000E+00  0.0000E+00  0.0000E+00  0.0000E+00  0.0000E+00
0.0000E+00  0.0000E+00  0.0000E+00  0.0000E+00  0.0000E+00  0.0000E+00  0.0000E+00  0.0000E+00  0.0000E+00  0.0000E+00  0.0000E+00  0.0000E+00
0.0000E+00  0.0000E+00  0.0000E+00  0.0000E+00  0.0000E+00  0.0000E+00  0.0000E+00  0.0000E+00  0.0000E+00  0.0000E+00  0.0000E+00  0.0000E+00
0.0000E+00  0.0000E+00  0.0000E+00  0.0000E+00  0.0000E+00  0.0000E+00  0.0000E+00  0.0000E+00  0.0000E+00  0.0000E+00  0.0000E+00  0.0000E+00
0.0000E+00  0.0000E+00  0.0000E+00  0.0000E+00  0.0000E+00  0.0000E+00  0.0000E+00  0.0000E+00  0.0000E+00  0.0000E+00  0.0000E+00  0.0000E+00
0.0000E+00  0.0000E+00  0.0000E+00  0.0000E+00  0.0000E+00  0.0000E+00  0.0000E+00  0.0000E+00  0.0000E+00  0.0000E+00  0.0000E+00  0.0000E+00
0.0000E+00  0.0000E+00  0.0000E+00  0.0000E+00  0.0000E+00  0.0000E+00  0.0000E+00  0.0000E+00  0.0000E+00  0.0000E+00  0.0000E+00  0.0000E+00
0.0000E+00  0.0000E+00  0.0000E+00  0.0000E+00  0.0000E+00  0.0000E+00  0.0000E+00  0.0000E+00  0.0000E+00  0.0000E+00  0.0000E+00  0.0000E+00
0.0000E+00  0.0000E+00  0.0000E+00  0.0000E+00  0.0000E+00  0.0000E+00  0.0000E+00  0.0000E+00  0.0000E+00  1.6359E-09  0.0000E+00  0.0000E+00
0.0000E+00  0.0000E+00  0.0000E+00  0.0000E+00  0.0000E+00  0.0000E+00  0.0000E+00  0.0000E+00  0.0000E+00  0.0000E+00  0.0000E+00  0.0000E+00
0.0000E+00  0.0000E+00  0.0000E+00  0.0000E+00  0.0000E+00  0.0000E+00  0.0000E+00  0.0000E+00  0.0000E+00  0.0000E+00  0.0000E+00  0.0000E+00

q = 
0.0000E+00  0.0000E+00  0.0000E+00  0.0000E+00  0.0000E+00
0.0000E+00  0.0000E+00  0.0000E+00  0.0000E+00  0.0000E+00
0.0000E+00  0.0000E+00  0.0000E+00  0.0000E+00  0.0000E+00
0.0000E+00  0.0000E+00  0.0000E+00  0.0000E+00  0.0000E+00
0.0000E+00  0.0000E+00  0.0000E+00  0.0000E+00  0.0000E+00
0.0000E+00  0.0000E+00  0.0000E+00  0.0000E+00  0.0000E+00
0.0000E+00  0.0000E+00  0.0000E+00  0.0000E+00  0.0000E+00
0.0000E+00  0.0000E+00  0.0000E+00  0.0000E+00  0.0000E+00
0.0000E+00  0.0000E+00  0.0000E+00  0.0000E+00  0.0000E+00
9.5760E+01  9.5760E+01  0.0000E+00  0.0000E+00  0.0000E+00
0.0000E+00  0.0000E+00  0.0000E+00  0.0000E+00  0.0000E+00
0.0000E+00  0.0000E+00  0.0000E+00  0.0000E+00  0.0000E+00

Alphat = 
8.6180E-06  8.6180E-06  0.0000E+00  0.0000E+00  0.0000E+00  
PyroE = 
0.0000E+00

PyroM = 
0.0000E+00

HC = 
2.0760E+00

k = 
0.0000E+00  0.0000E+00  0.0000E+00  0.0000E+00  0.0000E+00  0.0000E+00  0.0000E+00  0.0000E+00  0.0000E+00  0.0000E+00  0.0000E+00  0.0000E+00
0.0000E+00  0.0000E+00  0.0000E+00  0.0000E+00  0.0000E+00  0.0000E+00  0.0000E+00  0.0000E+00  0.0000E+00  0.0000E+00  0.0000E+00  0.0000E+00
0.0000E+00  0.0000E+00  0.0000E+00  0.0000E+00  0.0000E+00  0.0000E+00  0.0000E+00  0.0000E+00  0.0000E+00  0.0000E+00  0.0000E+00  0.0000E+00
0.0000E+00  0.0000E+00  0.0000E+00  0.0000E+00  0.0000E+00  0.0000E+00  0.0000E+00  0.0000E+00  0.0000E+00  0.0000E+00  0.0000E+00  0.0000E+00
0.0000E+00  0.0000E+00  0.0000E+00  0.0000E+00  0.0000E+00  0.0000E+00  0.0000E+00  0.0000E+00  0.0000E+00  0.0000E+00  0.0000E+00  0.0000E+00
0.0000E+00  0.0000E+00  0.0000E+00  0.0000E+00  0.0000E+00  0.0000E+00  0.0000E+00  0.0000E+00  0.0000E+00  0.0000E+00  0.0000E+00  0.0000E+00
0.0000E+00  0.0000E+00  0.0000E+00  0.0000E+00  0.0000E+00  0.0000E+00  0.0000E+00  0.0000E+00  0.0000E+00  0.0000E+00  0.0000E+00  0.0000E+00
0.0000E+00  0.0000E+00  0.0000E+00  0.0000E+00  0.0000E+00  0.0000E+00  0.0000E+00  0.0000E+00  0.0000E+00  0.0000E+00  0.0000E+00  0.0000E+00
0.0000E+00  0.0000E+00  0.0000E+00  0.0000E+00  0.0000E+00  0.0000E+00  0.0000E+00  0.0000E+00  0.0000E+00  0.0000E+00  0.0000E+00  0.0000E+00
0.0000E+00  0.0000E+00  0.0000E+00  0.0000E+00  0.0000E+00  0.0000E+00  0.0000E+00  0.0000E+00  0.0000E+00  0.0000E+00  0.0000E+00  0.0000E+00
0.0000E+00  0.0000E+00  0.0000E+00  0.0000E+00  0.0000E+00  0.0000E+00  0.0000E+00  0.0000E+00  0.0000E+00  0.0000E+00  0.0000E+00  0.0000E+00
0.0000E+00  0.0000E+00  0.0000E+00  0.0000E+00  0.0000E+00  0.0000E+00  0.0000E+00  0.0000E+00  0.0000E+00  0.0000E+00  0.0000E+00  0.0000E+00

r = 
0.0000E+00  0.0000E+00  0.0000E+00  0.0000E+00  0.0000E+00  0.0000E+00  0.0000E+00  0.0000E+00  0.0000E+00  0.0000E+00  0.0000E+00  0.0000E+00
0.0000E+00  0.0000E+00  0.0000E+00  0.0000E+00  0.0000E+00  0.0000E+00  0.0000E+00  0.0000E+00  0.0000E+00  0.0000E+00  0.0000E+00  0.0000E+00
0.0000E+00  0.0000E+00  0.0000E+00  0.0000E+00  0.0000E+00  0.0000E+00  0.0000E+00  0.0000E+00  0.0000E+00  0.0000E+00  0.0000E+00  0.0000E+00
0.0000E+00  0.0000E+00  0.0000E+00  0.0000E+00  0.0000E+00  0.0000E+00  0.0000E+00  0.0000E+00  0.0000E+00  0.0000E+00  0.0000E+00  0.0000E+00
0.0000E+00  0.0000E+00  0.0000E+00  0.0000E+00  0.0000E+00  0.0000E+00  0.0000E+00  0.0000E+00  0.0000E+00  0.0000E+00  0.0000E+00  0.0000E+00
0.0000E+00  0.0000E+00  0.0000E+00  0.0000E+00  0.0000E+00  0.0000E+00  0.0000E+00  0.0000E+00  0.0000E+00  0.0000E+00  0.0000E+00  0.0000E+00
0.0000E+00  0.0000E+00  0.0000E+00  0.0000E+00  0.0000E+00  0.0000E+00  0.0000E+00  0.0000E+00  0.0000E+00  0.0000E+00  0.0000E+00  0.0000E+00
0.0000E+00  0.0000E+00  0.0000E+00  0.0000E+00  0.0000E+00  0.0000E+00  0.0000E+00  0.0000E+00  0.0000E+00  0.0000E+00  0.0000E+00  0.0000E+00
0.0000E+00  0.0000E+00  0.0000E+00  0.0000E+00  0.0000E+00  0.0000E+00  0.0000E+00  0.0000E+00  0.0000E+00  0.0000E+00  0.0000E+00  0.0000E+00
0.0000E+00  0.0000E+00  0.0000E+00  0.0000E+00  0.0000E+00  0.0000E+00  0.0000E+00  0.0000E+00  0.0000E+00  1.0970E-04  0.0000E+00  0.0000E+00
0.0000E+00  0.0000E+00  0.0000E+00  0.0000E+00  0.0000E+00  0.0000E+00  0.0000E+00  0.0000E+00  0.0000E+00  0.0000E+00  0.0000E+00  0.0000E+00
0.0000E+00  0.0000E+00  0.0000E+00  0.0000E+00  0.0000E+00  0.0000E+00  0.0000E+00  0.0000E+00  0.0000E+00  0.0000E+00  0.0000E+00  0.0000E+00


Layer11 = 

c = 
1.3421E+11  3.9295E+10  0.0000E+00  0.0000E+00  0.0000E+00
3.9295E+10  1.3421E+11  0.0000E+00  0.0000E+00  0.0000E+00
0.0000E+00  0.0000E+00  4.4900E+10  0.0000E+00  0.0000E+00
0.0000E+00  0.0000E+00  0.0000E+00  3.4792E+10  0.0000E+00
0.0000E+00  0.0000E+00  0.0000E+00  0.0000E+00  3.4792E+10

eM = 
0.0000E+00  0.0000E+00  0.0000E+00  0.0000E+00  0.0000E+00
0.0000E+00  0.0000E+00  0.0000E+00  0.0000E+00  0.0000E+00
0.0000E+00  0.0000E+00  0.0000E+00  0.0000E+00  0.0000E+00
0.0000E+00  0.0000E+00  0.0000E+00  0.0000E+00  0.0000E+00
0.0000E+00  0.0000E+00  0.0000E+00  0.0000E+00  0.0000E+00
0.0000E+00  0.0000E+00  0.0000E+00  0.0000E+00  0.0000E+00
0.0000E+00  0.0000E+00  0.0000E+00  0.0000E+00  0.0000E+00
0.0000E+00  0.0000E+00  0.0000E+00  0.0000E+00  0.0000E+00
0.0000E+00  0.0000E+00  0.0000E+00  0.0000E+00  0.0000E+00
0.0000E+00  0.0000E+00  0.0000E+00  0.0000E+00  0.0000E+00
-3.4631E-01  -3.4631E-01  0.0000E+00  0.0000E+00  0.0000E+00
0.0000E+00  0.0000E+00  0.0000E+00  0.0000E+00  0.0000E+00

gM = 
0.0000E+00  0.0000E+00  0.0000E+00  0.0000E+00  0.0000E+00  0.0000E+00  0.0000E+00  0.0000E+00  0.0000E+00  0.0000E+00  0.0000E+00  0.0000E+00
0.0000E+00  0.0000E+00  0.0000E+00  0.0000E+00  0.0000E+00  0.0000E+00  0.0000E+00  0.0000E+00  0.0000E+00  0.0000E+00  0.0000E+00  0.0000E+00
0.0000E+00  0.0000E+00  0.0000E+00  0.0000E+00  0.0000E+00  0.0000E+00  0.0000E+00  0.0000E+00  0.0000E+00  0.0000E+00  0.0000E+00  0.0000E+00
0.0000E+00  0.0000E+00  0.0000E+00  0.0000E+00  0.0000E+00  0.0000E+00  0.0000E+00  0.0000E+00  0.0000E+00  0.0000E+00  0.0000E+00  0.0000E+00
0.0000E+00  0.0000E+00  0.0000E+00  0.0000E+00  0.0000E+00  0.0000E+00  0.0000E+00  0.0000E+00  0.0000E+00  0.0000E+00  0.0000E+00  0.0000E+00
0.0000E+00  0.0000E+00  0.0000E+00  0.0000E+00  0.0000E+00  0.0000E+00  0.0000E+00  0.0000E+00  0.0000E+00  0.0000E+00  0.0000E+00  0.0000E+00
0.0000E+00  0.0000E+00  0.0000E+00  0.0000E+00  0.0000E+00  0.0000E+00  0.0000E+00  0.0000E+00  0.0000E+00  0.0000E+00  0.0000E+00  0.0000E+00
0.0000E+00  0.0000E+00  0.0000E+00  0.0000E+00  0.0000E+00  0.0000E+00  0.0000E+00  0.0000E+00  0.0000E+00  0.0000E+00  0.0000E+00  0.0000E+00
0.0000E+00  0.0000E+00  0.0000E+00  0.0000E+00  0.0000E+00  0.0000E+00  0.0000E+00  0.0000E+00  0.0000E+00  0.0000E+00  0.0000E+00  0.0000E+00
0.0000E+00  0.0000E+00  0.0000E+00  0.0000E+00  0.0000E+00  0.0000E+00  0.0000E+00  0.0000E+00  0.0000E+00  0.0000E+00  0.0000E+00  0.0000E+00
0.0000E+00  0.0000E+00  0.0000E+00  0.0000E+00  0.0000E+00  0.0000E+00  0.0000E+00  0.0000E+00  0.0000E+00  0.0000E+00  4.3912E-10  0.0000E+00
0.0000E+00  0.0000E+00  0.0000E+00  0.0000E+00  0.0000E+00  0.0000E+00  0.0000E+00  0.0000E+00  0.0000E+00  0.0000E+00  0.0000E+00  0.0000E+00

q = 
0.0000E+00  0.0000E+00  0.0000E+00  0.0000E+00  0.0000E+00
0.0000E+00  0.0000E+00  0.0000E+00  0.0000E+00  0.0000E+00
0.0000E+00  0.0000E+00  0.0000E+00  0.0000E+00  0.0000E+00
0.0000E+00  0.0000E+00  0.0000E+00  0.0000E+00  0.0000E+00
0.0000E+00  0.0000E+00  0.0000E+00  0.0000E+00  0.0000E+00
0.0000E+00  0.0000E+00  0.0000E+00  0.0000E+00  0.0000E+00
0.0000E+00  0.0000E+00  0.0000E+00  0.0000E+00  0.0000E+00
0.0000E+00  0.0000E+00  0.0000E+00  0.0000E+00  0.0000E+00
0.0000E+00  0.0000E+00  0.0000E+00  0.0000E+00  0.0000E+00
0.0000E+00  0.0000E+00  0.0000E+00  0.0000E+00  0.0000E+00
1.0730E+02  1.0730E+02  0.0000E+00  0.0000E+00  0.0000E+00
0.0000E+00  0.0000E+00  0.0000E+00  0.0000E+00  0.0000E+00

Alphat = 
8.1430E-06  8.1430E-06  0.0000E+00  0.0000E+00  0.0000E+00  
PyroE = 
0.0000E+00

PyroM = 
0.0000E+00

HC = 
2.0180E+00

k = 
0.0000E+00  0.0000E+00  0.0000E+00  0.0000E+00  0.0000E+00  0.0000E+00  0.0000E+00  0.0000E+00  0.0000E+00  0.0000E+00  0.0000E+00  0.0000E+00
0.0000E+00  0.0000E+00  0.0000E+00  0.0000E+00  0.0000E+00  0.0000E+00  0.0000E+00  0.0000E+00  0.0000E+00  0.0000E+00  0.0000E+00  0.0000E+00
0.0000E+00  0.0000E+00  0.0000E+00  0.0000E+00  0.0000E+00  0.0000E+00  0.0000E+00  0.0000E+00  0.0000E+00  0.0000E+00  0.0000E+00  0.0000E+00
0.0000E+00  0.0000E+00  0.0000E+00  0.0000E+00  0.0000E+00  0.0000E+00  0.0000E+00  0.0000E+00  0.0000E+00  0.0000E+00  0.0000E+00  0.0000E+00
0.0000E+00  0.0000E+00  0.0000E+00  0.0000E+00  0.0000E+00  0.0000E+00  0.0000E+00  0.0000E+00  0.0000E+00  0.0000E+00  0.0000E+00  0.0000E+00
0.0000E+00  0.0000E+00  0.0000E+00  0.0000E+00  0.0000E+00  0.0000E+00  0.0000E+00  0.0000E+00  0.0000E+00  0.0000E+00  0.0000E+00  0.0000E+00
0.0000E+00  0.0000E+00  0.0000E+00  0.0000E+00  0.0000E+00  0.0000E+00  0.0000E+00  0.0000E+00  0.0000E+00  0.0000E+00  0.0000E+00  0.0000E+00
0.0000E+00  0.0000E+00  0.0000E+00  0.0000E+00  0.0000E+00  0.0000E+00  0.0000E+00  0.0000E+00  0.0000E+00  0.0000E+00  0.0000E+00  0.0000E+00
0.0000E+00  0.0000E+00  0.0000E+00  0.0000E+00  0.0000E+00  0.0000E+00  0.0000E+00  0.0000E+00  0.0000E+00  0.0000E+00  0.0000E+00  0.0000E+00
0.0000E+00  0.0000E+00  0.0000E+00  0.0000E+00  0.0000E+00  0.0000E+00  0.0000E+00  0.0000E+00  0.0000E+00  0.0000E+00  0.0000E+00  0.0000E+00
0.0000E+00  0.0000E+00  0.0000E+00  0.0000E+00  0.0000E+00  0.0000E+00  0.0000E+00  0.0000E+00  0.0000E+00  0.0000E+00  0.0000E+00  0.0000E+00
0.0000E+00  0.0000E+00  0.0000E+00  0.0000E+00  0.0000E+00  0.0000E+00  0.0000E+00  0.0000E+00  0.0000E+00  0.0000E+00  0.0000E+00  0.0000E+00

r = 
0.0000E+00  0.0000E+00  0.0000E+00  0.0000E+00  0.0000E+00  0.0000E+00  0.0000E+00  0.0000E+00  0.0000E+00  0.0000E+00  0.0000E+00  0.0000E+00
0.0000E+00  0.0000E+00  0.0000E+00  0.0000E+00  0.0000E+00  0.0000E+00  0.0000E+00  0.0000E+00  0.0000E+00  0.0000E+00  0.0000E+00  0.0000E+00
0.0000E+00  0.0000E+00  0.0000E+00  0.0000E+00  0.0000E+00  0.0000E+00  0.0000E+00  0.0000E+00  0.0000E+00  0.0000E+00  0.0000E+00  0.0000E+00
0.0000E+00  0.0000E+00  0.0000E+00  0.0000E+00  0.0000E+00  0.0000E+00  0.0000E+00  0.0000E+00  0.0000E+00  0.0000E+00  0.0000E+00  0.0000E+00
0.0000E+00  0.0000E+00  0.0000E+00  0.0000E+00  0.0000E+00  0.0000E+00  0.0000E+00  0.0000E+00  0.0000E+00  0.0000E+00  0.0000E+00  0.0000E+00
0.0000E+00  0.0000E+00  0.0000E+00  0.0000E+00  0.0000E+00  0.0000E+00  0.0000E+00  0.0000E+00  0.0000E+00  0.0000E+00  0.0000E+00  0.0000E+00
0.0000E+00  0.0000E+00  0.0000E+00  0.0000E+00  0.0000E+00  0.0000E+00  0.0000E+00  0.0000E+00  0.0000E+00  0.0000E+00  0.0000E+00  0.0000E+00
0.0000E+00  0.0000E+00  0.0000E+00  0.0000E+00  0.0000E+00  0.0000E+00  0.0000E+00  0.0000E+00  0.0000E+00  0.0000E+00  0.0000E+00  0.0000E+00
0.0000E+00  0.0000E+00  0.0000E+00  0.0000E+00  0.0000E+00  0.0000E+00  0.0000E+00  0.0000E+00  0.0000E+00  0.0000E+00  0.0000E+00  0.0000E+00
0.0000E+00  0.0000E+00  0.0000E+00  0.0000E+00  0.0000E+00  0.0000E+00  0.0000E+00  0.0000E+00  0.0000E+00  0.0000E+00  0.0000E+00  0.0000E+00
0.0000E+00  0.0000E+00  0.0000E+00  0.0000E+00  0.0000E+00  0.0000E+00  0.0000E+00  0.0000E+00  0.0000E+00  0.0000E+00  1.2190E-04  0.0000E+00
0.0000E+00  0.0000E+00  0.0000E+00  0.0000E+00  0.0000E+00  0.0000E+00  0.0000E+00  0.0000E+00  0.0000E+00  0.0000E+00  0.0000E+00  0.0000E+00


Layer12 = 

c = 
1.3816E+11  4.1158E+10  0.0000E+00  0.0000E+00  0.0000E+00
4.1158E+10  1.3816E+11  0.0000E+00  0.0000E+00  0.0000E+00
0.0000E+00  0.0000E+00  4.5900E+10  0.0000E+00  0.0000E+00
0.0000E+00  0.0000E+00  0.0000E+00  3.4833E+10  0.0000E+00
0.0000E+00  0.0000E+00  0.0000E+00  0.0000E+00  3.4833E+10

eM = 
0.0000E+00  0.0000E+00  0.0000E+00  0.0000E+00  0.0000E+00
0.0000E+00  0.0000E+00  0.0000E+00  0.0000E+00  0.0000E+00
0.0000E+00  0.0000E+00  0.0000E+00  0.0000E+00  0.0000E+00
0.0000E+00  0.0000E+00  0.0000E+00  0.0000E+00  0.0000E+00
0.0000E+00  0.0000E+00  0.0000E+00  0.0000E+00  0.0000E+00
0.0000E+00  0.0000E+00  0.0000E+00  0.0000E+00  0.0000E+00
0.0000E+00  0.0000E+00  0.0000E+00  0.0000E+00  0.0000E+00
0.0000E+00  0.0000E+00  0.0000E+00  0.0000E+00  0.0000E+00
0.0000E+00  0.0000E+00  0.0000E+00  0.0000E+00  0.0000E+00
0.0000E+00  0.0000E+00  0.0000E+00  0.0000E+00  0.0000E+00
0.0000E+00  0.0000E+00  0.0000E+00  0.0000E+00  0.0000E+00
8.3509E-01  8.3509E-01  0.0000E+00  0.0000E+00  0.0000E+00

gM = 
0.0000E+00  0.0000E+00  0.0000E+00  0.0000E+00  0.0000E+00  0.0000E+00  0.0000E+00  0.0000E+00  0.0000E+00  0.0000E+00  0.0000E+00  0.0000E+00
0.0000E+00  0.0000E+00  0.0000E+00  0.0000E+00  0.0000E+00  0.0000E+00  0.0000E+00  0.0000E+00  0.0000E+00  0.0000E+00  0.0000E+00  0.0000E+00
0.0000E+00  0.0000E+00  0.0000E+00  0.0000E+00  0.0000E+00  0.0000E+00  0.0000E+00  0.0000E+00  0.0000E+00  0.0000E+00  0.0000E+00  0.0000E+00
0.0000E+00  0.0000E+00  0.0000E+00  0.0000E+00  0.0000E+00  0.0000E+00  0.0000E+00  0.0000E+00  0.0000E+00  0.0000E+00  0.0000E+00  0.0000E+00
0.0000E+00  0.0000E+00  0.0000E+00  0.0000E+00  0.0000E+00  0.0000E+00  0.0000E+00  0.0000E+00  0.0000E+00  0.0000E+00  0.0000E+00  0.0000E+00
0.0000E+00  0.0000E+00  0.0000E+00  0.0000E+00  0.0000E+00  0.0000E+00  0.0000E+00  0.0000E+00  0.0000E+00  0.0000E+00  0.0000E+00  0.0000E+00
0.0000E+00  0.0000E+00  0.0000E+00  0.0000E+00  0.0000E+00  0.0000E+00  0.0000E+00  0.0000E+00  0.0000E+00  0.0000E+00  0.0000E+00  0.0000E+00
0.0000E+00  0.0000E+00  0.0000E+00  0.0000E+00  0.0000E+00  0.0000E+00  0.0000E+00  0.0000E+00  0.0000E+00  0.0000E+00  0.0000E+00  0.0000E+00
0.0000E+00  0.0000E+00  0.0000E+00  0.0000E+00  0.0000E+00  0.0000E+00  0.0000E+00  0.0000E+00  0.0000E+00  0.0000E+00  0.0000E+00  0.0000E+00
0.0000E+00  0.0000E+00  0.0000E+00  0.0000E+00  0.0000E+00  0.0000E+00  0.0000E+00  0.0000E+00  0.0000E+00  0.0000E+00  0.0000E+00  0.0000E+00
0.0000E+00  0.0000E+00  0.0000E+00  0.0000E+00  0.0000E+00  0.0000E+00  0.0000E+00  0.0000E+00  0.0000E+00  0.0000E+00  0.0000E+00  0.0000E+00
0.0000E+00  0.0000E+00  0.0000E+00  0.0000E+00  0.0000E+00  0.0000E+00  0.0000E+00  0.0000E+00  0.0000E+00  0.0000E+00  0.0000E+00  -7.8748E-10

q = 
0.0000E+00  0.0000E+00  0.0000E+00  0.0000E+00  0.0000E+00
0.0000E+00  0.0000E+00  0.0000E+00  0.0000E+00  0.0000E+00
0.0000E+00  0.0000E+00  0.0000E+00  0.0000E+00  0.0000E+00
0.0000E+00  0.0000E+00  0.0000E+00  0.0000E+00  0.0000E+00
0.0000E+00  0.0000E+00  0.0000E+00  0.0000E+00  0.0000E+00
0.0000E+00  0.0000E+00  0.0000E+00  0.0000E+00  0.0000E+00
0.0000E+00  0.0000E+00  0.0000E+00  0.0000E+00  0.0000E+00
0.0000E+00  0.0000E+00  0.0000E+00  0.0000E+00  0.0000E+00
0.0000E+00  0.0000E+00  0.0000E+00  0.0000E+00  0.0000E+00
0.0000E+00  0.0000E+00  0.0000E+00  0.0000E+00  0.0000E+00
0.0000E+00  0.0000E+00  0.0000E+00  0.0000E+00  0.0000E+00
1.1880E+02  1.1880E+02  0.0000E+00  0.0000E+00  0.0000E+00

Alphat = 
7.6680E-06  7.6680E-06  0.0000E+00  0.0000E+00  0.0000E+00  
PyroE = 
0.0000E+00

PyroM = 
0.0000E+00

HC = 
1.9590E+00

k = 
0.0000E+00  0.0000E+00  0.0000E+00  0.0000E+00  0.0000E+00  0.0000E+00  0.0000E+00  0.0000E+00  0.0000E+00  0.0000E+00  0.0000E+00  0.0000E+00
0.0000E+00  0.0000E+00  0.0000E+00  0.0000E+00  0.0000E+00  0.0000E+00  0.0000E+00  0.0000E+00  0.0000E+00  0.0000E+00  0.0000E+00  0.0000E+00
0.0000E+00  0.0000E+00  0.0000E+00  0.0000E+00  0.0000E+00  0.0000E+00  0.0000E+00  0.0000E+00  0.0000E+00  0.0000E+00  0.0000E+00  0.0000E+00
0.0000E+00  0.0000E+00  0.0000E+00  0.0000E+00  0.0000E+00  0.0000E+00  0.0000E+00  0.0000E+00  0.0000E+00  0.0000E+00  0.0000E+00  0.0000E+00
0.0000E+00  0.0000E+00  0.0000E+00  0.0000E+00  0.0000E+00  0.0000E+00  0.0000E+00  0.0000E+00  0.0000E+00  0.0000E+00  0.0000E+00  0.0000E+00
0.0000E+00  0.0000E+00  0.0000E+00  0.0000E+00  0.0000E+00  0.0000E+00  0.0000E+00  0.0000E+00  0.0000E+00  0.0000E+00  0.0000E+00  0.0000E+00
0.0000E+00  0.0000E+00  0.0000E+00  0.0000E+00  0.0000E+00  0.0000E+00  0.0000E+00  0.0000E+00  0.0000E+00  0.0000E+00  0.0000E+00  0.0000E+00
0.0000E+00  0.0000E+00  0.0000E+00  0.0000E+00  0.0000E+00  0.0000E+00  0.0000E+00  0.0000E+00  0.0000E+00  0.0000E+00  0.0000E+00  0.0000E+00
0.0000E+00  0.0000E+00  0.0000E+00  0.0000E+00  0.0000E+00  0.0000E+00  0.0000E+00  0.0000E+00  0.0000E+00  0.0000E+00  0.0000E+00  0.0000E+00
0.0000E+00  0.0000E+00  0.0000E+00  0.0000E+00  0.0000E+00  0.0000E+00  0.0000E+00  0.0000E+00  0.0000E+00  0.0000E+00  0.0000E+00  0.0000E+00
0.0000E+00  0.0000E+00  0.0000E+00  0.0000E+00  0.0000E+00  0.0000E+00  0.0000E+00  0.0000E+00  0.0000E+00  0.0000E+00  0.0000E+00  0.0000E+00
0.0000E+00  0.0000E+00  0.0000E+00  0.0000E+00  0.0000E+00  0.0000E+00  0.0000E+00  0.0000E+00  0.0000E+00  0.0000E+00  0.0000E+00  0.0000E+00

r = 
0.0000E+00  0.0000E+00  0.0000E+00  0.0000E+00  0.0000E+00  0.0000E+00  0.0000E+00  0.0000E+00  0.0000E+00  0.0000E+00  0.0000E+00  0.0000E+00
0.0000E+00  0.0000E+00  0.0000E+00  0.0000E+00  0.0000E+00  0.0000E+00  0.0000E+00  0.0000E+00  0.0000E+00  0.0000E+00  0.0000E+00  0.0000E+00
0.0000E+00  0.0000E+00  0.0000E+00  0.0000E+00  0.0000E+00  0.0000E+00  0.0000E+00  0.0000E+00  0.0000E+00  0.0000E+00  0.0000E+00  0.0000E+00
0.0000E+00  0.0000E+00  0.0000E+00  0.0000E+00  0.0000E+00  0.0000E+00  0.0000E+00  0.0000E+00  0.0000E+00  0.0000E+00  0.0000E+00  0.0000E+00
0.0000E+00  0.0000E+00  0.0000E+00  0.0000E+00  0.0000E+00  0.0000E+00  0.0000E+00  0.0000E+00  0.0000E+00  0.0000E+00  0.0000E+00  0.0000E+00
0.0000E+00  0.0000E+00  0.0000E+00  0.0000E+00  0.0000E+00  0.0000E+00  0.0000E+00  0.0000E+00  0.0000E+00  0.0000E+00  0.0000E+00  0.0000E+00
0.0000E+00  0.0000E+00  0.0000E+00  0.0000E+00  0.0000E+00  0.0000E+00  0.0000E+00  0.0000E+00  0.0000E+00  0.0000E+00  0.0000E+00  0.0000E+00
0.0000E+00  0.0000E+00  0.0000E+00  0.0000E+00  0.0000E+00  0.0000E+00  0.0000E+00  0.0000E+00  0.0000E+00  0.0000E+00  0.0000E+00  0.0000E+00
0.0000E+00  0.0000E+00  0.0000E+00  0.0000E+00  0.0000E+00  0.0000E+00  0.0000E+00  0.0000E+00  0.0000E+00  0.0000E+00  0.0000E+00  0.0000E+00
0.0000E+00  0.0000E+00  0.0000E+00  0.0000E+00  0.0000E+00  0.0000E+00  0.0000E+00  0.0000E+00  0.0000E+00  0.0000E+00  0.0000E+00  0.0000E+00
0.0000E+00  0.0000E+00  0.0000E+00  0.0000E+00  0.0000E+00  0.0000E+00  0.0000E+00  0.0000E+00  0.0000E+00  0.0000E+00  0.0000E+00  0.0000E+00
0.0000E+00  0.0000E+00  0.0000E+00  0.0000E+00  0.0000E+00  0.0000E+00  0.0000E+00  0.0000E+00  0.0000E+00  0.0000E+00  0.0000E+00  1.3420E-04


